동,연도,월,전체,남자,여자,아동전체,아동남자,아동여자,청소년전체,청소년남자,청소년여자,청년전체,청년남자,청년여자
월계1동,2023,1,20870.0,10730.0,10140.0,2172.0,1138.0,1034.0,3584.0,1978.0,1606.0,5064.0,2907.0,2157.0
월계1동,2023,2,20910.0,10765.0,10145.0,2147.0,1126.0,1021.0,3682.0,2043.0,1639.0,5107.0,2934.0,2173.0
월계1동,2023,3,20886.0,10735.0,10151.0,2124.0,1118.0,1006.0,3705.0,2048.0,1657.0,5132.0,2938.0,2194.0
월계1동,2023,4,20842.0,10710.0,10132.0,2107.0,1112.0,995.0,3679.0,2027.0,1652.0,5120.0,2924.0,2196.0
월계1동,2023,5,20822.0,10691.0,10131.0,2097.0,1107.0,990.0,3662.0,2008.0,1654.0,5126.0,2923.0,2203.0
월계1동,2023,6,20799.0,10663.0,10136.0,2076.0,1096.0,980.0,3648.0,1988.0,1660.0,5136.0,2920.0,2216.0
월계1동,2023,7,20742.0,10610.0,10132.0,2062.0,1091.0,971.0,3617.0,1961.0,1656.0,5110.0,2884.0,2226.0
월계1동,2023,8,20724.0,10613.0,10111.0,2045.0,1088.0,957.0,3638.0,1981.0,1657.0,5132.0,2907.0,2225.0
월계1동,2023,9,20702.0,10596.0,10106.0,2026.0,1079.0,947.0,3627.0,1977.0,1650.0,5122.0,2895.0,2227.0
월계1동,2023,10,20623.0,10566.0,10057.0,2007.0,1071.0,936.0,3600.0,1953.0,1647.0,5090.0,2881.0,2209.0
월계1동,2023,11,20588.0,10552.0,10036.0,1985.0,1060.0,925.0,3584.0,1946.0,1638.0,5099.0,2882.0,2217.0
월계1동,2023,12,20551.0,10543.0,10008.0,1984.0,1058.0,926.0,3575.0,1948.0,1627.0,5086.0,2887.0,2199.0
월계1동,2024,1,20454.0,10502.0,9952.0,1970.0,1050.0,920.0,3551.0,1953.0,1598.0,5042.0,2873.0,2169.0
월계1동,2024,2,20508.0,10540.0,9968.0,1959.0,1042.0,917.0,3662.0,2023.0,1639.0,5086.0,2903.0,2183.0
월계1동,2024,3,20497.0,10531.0,9966.0,1945.0,1034.0,911.0,3690.0,2039.0,1651.0,5093.0,2903.0,2190.0
월계1동,2024,4,20449.0,10511.0,9938.0,1938.0,1029.0,909.0,3672.0,2032.0,1640.0,5070.0,2895.0,2175.0
월계1동,2024,5,20410.0,10497.0,9913.0,1921.0,1018.0,903.0,3638.0,2014.0,1624.0,5090.0,2909.0,2181.0
월계1동,2024,6,20389.0,10472.0,9917.0,1920.0,1010.0,910.0,3619.0,1992.0,1627.0,5079.0,2898.0,2181.0
월계1동,2024,7,20358.0,10466.0,9892.0,1906.0,1008.0,898.0,3594.0,1981.0,1613.0,5064.0,2894.0,2170.0
월계1동,2024,8,20407.0,10483.0,9924.0,1914.0,1011.0,903.0,3607.0,1993.0,1614.0,5079.0,2892.0,2187.0
월계1동,2024,9,20387.0,10468.0,9919.0,1902.0,1005.0,897.0,3594.0,1973.0,1621.0,5083.0,2887.0,2196.0
월계1동,2024,10,20390.0,10468.0,9922.0,1909.0,1007.0,902.0,3573.0,1954.0,1619.0,5092.0,2883.0,2209.0
월계1동,2024,11,20349.0,10432.0,9917.0,1895.0,998.0,897.0,3532.0,1919.0,1613.0,5079.0,2872.0,2207.0
월계1동,2024,12,20318.0,10415.0,9903.0,1884.0,992.0,892.0,3520.0,1907.0,1613.0,5054.0,2860.0,2194.0
월계1동,2025,1,20270.0,10399.0,9871.0,1880.0,991.0,889.0,3459.0,1880.0,1579.0,5001.0,2840.0,2161.0
월계1동,2025,2,20356.0,10478.0,9878.0,1863.0,986.0,877.0,3599.0,1990.0,1609.0,5057.0,2897.0,2160.0
월계1동,2025,3,20342.0,10477.0,9865.0,1839.0,968.0,871.0,3615.0,2005.0,1610.0,5086.0,2910.0,2176.0
월계1동,2025,4,20320.0,10452.0,9868.0,1815.0,952.0,863.0,3584.0,1982.0,1602.0,5103.0,2915.0,2188.0
월계1동,2025,5,20256.0,10424.0,9832.0,1803.0,944.0,859.0,3550.0,1955.0,1595.0,5100.0,2922.0,2178.0
월계1동,2025,6,20252.0,10423.0,9829.0,1793.0,939.0,854.0,3536.0,1947.0,1589.0,5108.0,2932.0,2176.0
월계1동,2025,7,20198.0,10390.0,9808.0,1778.0,928.0,850.0,3493.0,1921.0,1572.0,5093.0,2922.0,2171.0
월계1동,2025,8,20164.0,10384.0,9780.0,1764.0,923.0,841.0,3493.0,1928.0,1565.0,5106.0,2930.0,2176.0
월계1동,2025,9,20176.0,10394.0,9782.0,1758.0,924.0,834.0,3495.0,1929.0,1566.0,5108.0,2930.0,2178.0
월계1동,2025,10,20153.0,10385.0,9768.0,1746.0,916.0,830.0,3472.0,1918.0,1554.0,5095.0,2926.0,2169.0
월계1동,2025,11,20137.0,10375.0,9762.0,1744.0,915.0,829.0,3421.0,1886.0,1535.0,5087.0,2926.0,2161.0
월계1동,2025,12,20078.0,10342.0,9736.0,1734.0,913.0,821.0,3396.0,1868.0,1528.0,5096.0,2923.0,2173.0
월계2동,2023,1,25924.0,12473.0,13451.0,2948.0,1524.0,1424.0,3578.0,1842.0,1736.0,4563.0,2351.0,2212.0
월계2동,2023,2,25947.0,12482.0,13465.0,2942.0,1518.0,1424.0,3586.0,1842.0,1744.0,4565.0,2358.0,2207.0
월계2동,2023,3,25918.0,12457.0,13461.0,2938.0,1519.0,1419.0,3568.0,1836.0,1732.0,4563.0,2348.0,2215.0
월계2동,2023,4,25882.0,12428.0,13454.0,2931.0,1512.0,1419.0,3540.0,1820.0,1720.0,4532.0,2331.0,2201.0
월계2동,2023,5,25859.0,12418.0,13441.0,2917.0,1501.0,1416.0,3531.0,1801.0,1730.0,4545.0,2333.0,2212.0
월계2동,2023,6,25834.0,12405.0,13429.0,2916.0,1503.0,1413.0,3514.0,1790.0,1724.0,4528.0,2324.0,2204.0
월계2동,2023,7,25751.0,12359.0,13392.0,2887.0,1490.0,1397.0,3476.0,1769.0,1707.0,4505.0,2313.0,2192.0
월계2동,2023,8,25662.0,12325.0,13337.0,2881.0,1494.0,1387.0,3460.0,1765.0,1695.0,4476.0,2300.0,2176.0
월계2동,2023,9,25601.0,12294.0,13307.0,2879.0,1495.0,1384.0,3445.0,1752.0,1693.0,4437.0,2285.0,2152.0
월계2동,2023,10,25586.0,12276.0,13310.0,2877.0,1493.0,1384.0,3447.0,1760.0,1687.0,4432.0,2274.0,2158.0
월계2동,2023,11,25557.0,12263.0,13294.0,2860.0,1491.0,1369.0,3444.0,1763.0,1681.0,4425.0,2271.0,2154.0
월계2동,2023,12,25491.0,12232.0,13259.0,2845.0,1483.0,1362.0,3407.0,1750.0,1657.0,4400.0,2257.0,2143.0
월계2동,2024,1,25453.0,12214.0,13239.0,2825.0,1477.0,1348.0,3401.0,1740.0,1661.0,4382.0,2254.0,2128.0
월계2동,2024,2,25423.0,12184.0,13239.0,2804.0,1459.0,1345.0,3387.0,1736.0,1651.0,4385.0,2251.0,2134.0
월계2동,2024,3,25444.0,12203.0,13241.0,2797.0,1457.0,1340.0,3405.0,1745.0,1660.0,4390.0,2247.0,2143.0
월계2동,2024,4,25440.0,12204.0,13236.0,2798.0,1461.0,1337.0,3399.0,1744.0,1655.0,4371.0,2238.0,2133.0
월계2동,2024,5,25393.0,12179.0,13214.0,2775.0,1448.0,1327.0,3363.0,1726.0,1637.0,4368.0,2238.0,2130.0
월계2동,2024,6,25397.0,12173.0,13224.0,2755.0,1435.0,1320.0,3343.0,1711.0,1632.0,4357.0,2224.0,2133.0
월계2동,2024,7,25385.0,12177.0,13208.0,2759.0,1439.0,1320.0,3340.0,1715.0,1625.0,4338.0,2213.0,2125.0
월계2동,2024,8,25372.0,12158.0,13214.0,2750.0,1431.0,1319.0,3324.0,1705.0,1619.0,4314.0,2195.0,2119.0
월계2동,2024,9,25338.0,12133.0,13205.0,2742.0,1425.0,1317.0,3322.0,1694.0,1628.0,4289.0,2178.0,2111.0
월계2동,2024,10,25278.0,12112.0,13166.0,2726.0,1427.0,1299.0,3316.0,1699.0,1617.0,4291.0,2180.0,2111.0
월계2동,2024,11,25220.0,12080.0,13140.0,2713.0,1420.0,1293.0,3294.0,1682.0,1612.0,4255.0,2153.0,2102.0
월계2동,2024,12,25179.0,12053.0,13126.0,2697.0,1409.0,1288.0,3273.0,1676.0,1597.0,4236.0,2141.0,2095.0
월계2동,2025,1,25145.0,12036.0,13109.0,2673.0,1398.0,1275.0,3260.0,1670.0,1590.0,4212.0,2128.0,2084.0
월계2동,2025,2,25101.0,12010.0,13091.0,2647.0,1385.0,1262.0,3266.0,1669.0,1597.0,4202.0,2123.0,2079.0
월계2동,2025,3,25091.0,11994.0,13097.0,2640.0,1384.0,1256.0,3269.0,1663.0,1606.0,4176.0,2101.0,2075.0
월계2동,2025,4,25035.0,11967.0,13068.0,2627.0,1381.0,1246.0,3257.0,1656.0,1601.0,4150.0,2090.0,2060.0
월계2동,2025,5,24997.0,11941.0,13056.0,2611.0,1369.0,1242.0,3266.0,1650.0,1616.0,4144.0,2080.0,2064.0
월계2동,2025,6,24995.0,11950.0,13045.0,2615.0,1372.0,1243.0,3250.0,1641.0,1609.0,4142.0,2090.0,2052.0
월계2동,2025,7,24939.0,11920.0,13019.0,2606.0,1369.0,1237.0,3254.0,1646.0,1608.0,4141.0,2086.0,2055.0
월계2동,2025,8,24965.0,11942.0,13023.0,2598.0,1369.0,1229.0,3262.0,1657.0,1605.0,4146.0,2087.0,2059.0
월계2동,2025,9,24974.0,11935.0,13039.0,2600.0,1366.0,1234.0,3257.0,1657.0,1600.0,4152.0,2088.0,2064.0
월계2동,2025,10,24940.0,11909.0,13031.0,2577.0,1352.0,1225.0,3246.0,1653.0,1593.0,4162.0,2096.0,2066.0
월계2동,2025,11,24870.0,11881.0,12989.0,2560.0,1344.0,1216.0,3243.0,1655.0,1588.0,4150.0,2095.0,2055.0
월계2동,2025,12,24822.0,11869.0,12953.0,2541.0,1333.0,1208.0,3232.0,1650.0,1582.0,4134.0,2087.0,2047.0
월계3동,2023,1,29201.0,13960.0,15241.0,3435.0,1791.0,1644.0,3666.0,1870.0,1796.0,5558.0,2750.0,2808.0
월계3동,2023,2,29106.0,13920.0,15186.0,3394.0,1766.0,1628.0,3637.0,1866.0,1771.0,5550.0,2757.0,2793.0
월계3동,2023,3,29022.0,13884.0,15138.0,3371.0,1759.0,1612.0,3597.0,1838.0,1759.0,5528.0,2752.0,2776.0
월계3동,2023,4,29030.0,13889.0,15141.0,3366.0,1755.0,1611.0,3607.0,1846.0,1761.0,5531.0,2752.0,2779.0
월계3동,2023,5,28992.0,13880.0,15112.0,3346.0,1744.0,1602.0,3586.0,1842.0,1744.0,5530.0,2758.0,2772.0
월계3동,2023,6,28954.0,13845.0,15109.0,3327.0,1738.0,1589.0,3550.0,1816.0,1734.0,5528.0,2739.0,2789.0
월계3동,2023,7,28861.0,13790.0,15071.0,3307.0,1731.0,1576.0,3523.0,1807.0,1716.0,5509.0,2722.0,2787.0
월계3동,2023,8,28832.0,13788.0,15044.0,3280.0,1720.0,1560.0,3516.0,1815.0,1701.0,5510.0,2734.0,2776.0
월계3동,2023,9,28818.0,13785.0,15033.0,3288.0,1725.0,1563.0,3505.0,1815.0,1690.0,5509.0,2735.0,2774.0
월계3동,2023,10,28762.0,13759.0,15003.0,3268.0,1715.0,1553.0,3481.0,1806.0,1675.0,5506.0,2733.0,2773.0
월계3동,2023,11,28729.0,13757.0,14972.0,3246.0,1710.0,1536.0,3461.0,1797.0,1664.0,5502.0,2741.0,2761.0
월계3동,2023,12,28718.0,13751.0,14967.0,3232.0,1703.0,1529.0,3451.0,1796.0,1655.0,5504.0,2734.0,2770.0
월계3동,2024,1,28633.0,13707.0,14926.0,3202.0,1687.0,1515.0,3409.0,1779.0,1630.0,5486.0,2726.0,2760.0
월계3동,2024,2,28571.0,13652.0,14919.0,3160.0,1662.0,1498.0,3389.0,1758.0,1631.0,5472.0,2717.0,2755.0
월계3동,2024,3,28569.0,13644.0,14925.0,3164.0,1667.0,1497.0,3367.0,1743.0,1624.0,5453.0,2702.0,2751.0
월계3동,2024,4,28551.0,13638.0,14913.0,3150.0,1659.0,1491.0,3364.0,1739.0,1625.0,5411.0,2685.0,2726.0
월계3동,2024,5,28525.0,13622.0,14903.0,3134.0,1657.0,1477.0,3355.0,1731.0,1624.0,5409.0,2681.0,2728.0
월계3동,2024,6,28508.0,13609.0,14899.0,3117.0,1650.0,1467.0,3338.0,1728.0,1610.0,5415.0,2677.0,2738.0
월계3동,2024,7,28472.0,13594.0,14878.0,3096.0,1642.0,1454.0,3324.0,1724.0,1600.0,5423.0,2674.0,2749.0
월계3동,2024,8,28391.0,13550.0,14841.0,3060.0,1622.0,1438.0,3310.0,1716.0,1594.0,5412.0,2672.0,2740.0
월계3동,2024,9,28378.0,13543.0,14835.0,3057.0,1618.0,1439.0,3305.0,1719.0,1586.0,5401.0,2665.0,2736.0
월계3동,2024,10,28276.0,13491.0,14785.0,3025.0,1593.0,1432.0,3288.0,1710.0,1578.0,5369.0,2653.0,2716.0
월계3동,2024,11,28284.0,13490.0,14794.0,3037.0,1597.0,1440.0,3289.0,1710.0,1579.0,5351.0,2638.0,2713.0
월계3동,2024,12,28257.0,13493.0,14764.0,3038.0,1601.0,1437.0,3285.0,1706.0,1579.0,5346.0,2641.0,2705.0
월계3동,2025,1,28192.0,13449.0,14743.0,3023.0,1585.0,1438.0,3266.0,1689.0,1577.0,5328.0,2641.0,2687.0
월계3동,2025,2,28157.0,13423.0,14734.0,2982.0,1560.0,1422.0,3239.0,1665.0,1574.0,5317.0,2630.0,2687.0
월계3동,2025,3,28121.0,13415.0,14706.0,2957.0,1548.0,1409.0,3230.0,1663.0,1567.0,5320.0,2642.0,2678.0
월계3동,2025,4,28020.0,13349.0,14671.0,2932.0,1535.0,1397.0,3198.0,1642.0,1556.0,5314.0,2630.0,2684.0
월계3동,2025,5,28034.0,13350.0,14684.0,2941.0,1539.0,1402.0,3178.0,1626.0,1552.0,5320.0,2630.0,2690.0
월계3동,2025,6,27991.0,13329.0,14662.0,2915.0,1520.0,1395.0,3139.0,1605.0,1534.0,5323.0,2623.0,2700.0
월계3동,2025,7,27956.0,13302.0,14654.0,2906.0,1511.0,1395.0,3116.0,1595.0,1521.0,5309.0,2608.0,2701.0
월계3동,2025,8,27955.0,13297.0,14658.0,2900.0,1508.0,1392.0,3093.0,1585.0,1508.0,5303.0,2605.0,2698.0
월계3동,2025,9,27944.0,13290.0,14654.0,2894.0,1502.0,1392.0,3073.0,1568.0,1505.0,5302.0,2609.0,2693.0
월계3동,2025,10,27947.0,13276.0,14671.0,2887.0,1491.0,1396.0,3069.0,1569.0,1500.0,5314.0,2615.0,2699.0
월계3동,2025,11,27922.0,13272.0,14650.0,2887.0,1493.0,1394.0,3056.0,1562.0,1494.0,5302.0,2609.0,2693.0
월계3동,2025,12,27839.0,13231.0,14608.0,2869.0,1487.0,1382.0,3048.0,1557.0,1491.0,5285.0,2604.0,2681.0
공릉1동,2023,1,36385.0,17667.0,18718.0,3539.0,1821.0,1718.0,5948.0,2862.0,3086.0,9652.0,4744.0,4908.0
공릉1동,2023,2,36422.0,17693.0,18729.0,3517.0,1815.0,1702.0,6059.0,2937.0,3122.0,9719.0,4782.0,4937.0
공릉1동,2023,3,36414.0,17670.0,18744.0,3491.0,1804.0,1687.0,6059.0,2928.0,3131.0,9750.0,4782.0,4968.0
공릉1동,2023,4,36301.0,17593.0,18708.0,3460.0,1793.0,1667.0,6000.0,2890.0,3110.0,9725.0,4748.0,4977.0
공릉1동,2023,5,36275.0,17568.0,18707.0,3434.0,1783.0,1651.0,5993.0,2882.0,3111.0,9725.0,4734.0,4991.0
공릉1동,2023,6,36240.0,17564.0,18676.0,3418.0,1776.0,1642.0,5968.0,2877.0,3091.0,9735.0,4752.0,4983.0
공릉1동,2023,7,36126.0,17501.0,18625.0,3379.0,1756.0,1623.0,5945.0,2867.0,3078.0,9711.0,4753.0,4958.0
공릉1동,2023,8,36160.0,17520.0,18640.0,3367.0,1752.0,1615.0,5971.0,2878.0,3093.0,9752.0,4768.0,4984.0
공릉1동,2023,9,36166.0,17512.0,18654.0,3350.0,1742.0,1608.0,5987.0,2879.0,3108.0,9763.0,4777.0,4986.0
공릉1동,2023,10,36041.0,17429.0,18612.0,3333.0,1726.0,1607.0,5946.0,2851.0,3095.0,9710.0,4742.0,4968.0
공릉1동,2023,11,35991.0,17412.0,18579.0,3322.0,1721.0,1601.0,5894.0,2829.0,3065.0,9709.0,4749.0,4960.0
공릉1동,2023,12,35984.0,17395.0,18589.0,3306.0,1708.0,1598.0,5862.0,2805.0,3057.0,9719.0,4745.0,4974.0
공릉1동,2024,1,35913.0,17353.0,18560.0,3294.0,1696.0,1598.0,5818.0,2776.0,3042.0,9677.0,4717.0,4960.0
공릉1동,2024,2,36024.0,17425.0,18599.0,3257.0,1684.0,1573.0,6016.0,2875.0,3141.0,9753.0,4754.0,4999.0
공릉1동,2024,3,36011.0,17404.0,18607.0,3229.0,1664.0,1565.0,6032.0,2884.0,3148.0,9783.0,4768.0,5015.0
공릉1동,2024,4,35981.0,17382.0,18599.0,3215.0,1657.0,1558.0,6018.0,2866.0,3152.0,9771.0,4757.0,5014.0
공릉1동,2024,5,35906.0,17348.0,18558.0,3195.0,1646.0,1549.0,6008.0,2862.0,3146.0,9766.0,4760.0,5006.0
공릉1동,2024,6,35863.0,17328.0,18535.0,3164.0,1628.0,1536.0,5963.0,2831.0,3132.0,9758.0,4756.0,5002.0
공릉1동,2024,7,35830.0,17308.0,18522.0,3160.0,1624.0,1536.0,5944.0,2830.0,3114.0,9717.0,4728.0,4989.0
공릉1동,2024,8,35814.0,17290.0,18524.0,3146.0,1615.0,1531.0,5947.0,2826.0,3121.0,9735.0,4726.0,5009.0
공릉1동,2024,9,35776.0,17277.0,18499.0,3128.0,1615.0,1513.0,5929.0,2820.0,3109.0,9727.0,4732.0,4995.0
공릉1동,2024,10,35650.0,17191.0,18459.0,3095.0,1596.0,1499.0,5899.0,2794.0,3105.0,9709.0,4718.0,4991.0
공릉1동,2024,11,35576.0,17156.0,18420.0,3074.0,1581.0,1493.0,5834.0,2756.0,3078.0,9672.0,4709.0,4963.0
공릉1동,2024,12,35551.0,17150.0,18401.0,3052.0,1569.0,1483.0,5807.0,2752.0,3055.0,9678.0,4707.0,4971.0
공릉1동,2025,1,35452.0,17115.0,18337.0,3024.0,1560.0,1464.0,5768.0,2735.0,3033.0,9609.0,4690.0,4919.0
공릉1동,2025,2,35556.0,17163.0,18393.0,3009.0,1548.0,1461.0,5922.0,2821.0,3101.0,9664.0,4726.0,4938.0
공릉1동,2025,3,35590.0,17165.0,18425.0,2997.0,1536.0,1461.0,5944.0,2813.0,3131.0,9699.0,4739.0,4960.0
공릉1동,2025,4,35536.0,17141.0,18395.0,2997.0,1543.0,1454.0,5899.0,2792.0,3107.0,9660.0,4720.0,4940.0
공릉1동,2025,5,35431.0,17082.0,18349.0,2985.0,1540.0,1445.0,5836.0,2761.0,3075.0,9616.0,4702.0,4914.0
공릉1동,2025,6,35430.0,17082.0,18348.0,2962.0,1531.0,1431.0,5795.0,2742.0,3053.0,9618.0,4697.0,4921.0
공릉1동,2025,7,35408.0,17046.0,18362.0,2951.0,1526.0,1425.0,5752.0,2714.0,3038.0,9574.0,4663.0,4911.0
공릉1동,2025,8,35323.0,17010.0,18313.0,2937.0,1517.0,1420.0,5736.0,2701.0,3035.0,9518.0,4645.0,4873.0
공릉1동,2025,9,35360.0,17018.0,18342.0,2927.0,1512.0,1415.0,5708.0,2688.0,3020.0,9515.0,4634.0,4881.0
공릉1동,2025,10,35332.0,17009.0,18323.0,2903.0,1491.0,1412.0,5647.0,2667.0,2980.0,9480.0,4621.0,4859.0
공릉1동,2025,11,35293.0,16992.0,18301.0,2898.0,1489.0,1409.0,5594.0,2645.0,2949.0,9453.0,4618.0,4835.0
공릉1동,2025,12,35191.0,16956.0,18235.0,2878.0,1475.0,1403.0,5560.0,2633.0,2927.0,9455.0,4643.0,4812.0
공릉2동,2023,1,41728.0,20369.0,21359.0,6320.0,3276.0,3044.0,8393.0,4158.0,4235.0,10206.0,5064.0,5142.0
공릉2동,2023,2,41817.0,20406.0,21411.0,6308.0,3258.0,3050.0,8522.0,4222.0,4300.0,10240.0,5081.0,5159.0
공릉2동,2023,3,41817.0,20387.0,21430.0,6268.0,3239.0,3029.0,8541.0,4222.0,4319.0,10296.0,5096.0,5200.0
공릉2동,2023,4,41777.0,20349.0,21428.0,6262.0,3233.0,3029.0,8504.0,4192.0,4312.0,10269.0,5071.0,5198.0
공릉2동,2023,5,41781.0,20340.0,21441.0,6258.0,3238.0,3020.0,8489.0,4181.0,4308.0,10282.0,5081.0,5201.0
공릉2동,2023,6,41702.0,20278.0,21424.0,6230.0,3225.0,3005.0,8432.0,4151.0,4281.0,10247.0,5037.0,5210.0
공릉2동,2023,7,41599.0,20237.0,21362.0,6187.0,3203.0,2984.0,8386.0,4137.0,4249.0,10214.0,5039.0,5175.0
공릉2동,2023,8,41564.0,20220.0,21344.0,6156.0,3184.0,2972.0,8416.0,4131.0,4285.0,10239.0,5041.0,5198.0
공릉2동,2023,9,41616.0,20231.0,21385.0,6147.0,3184.0,2963.0,8411.0,4113.0,4298.0,10276.0,5039.0,5237.0
공릉2동,2023,10,41668.0,20242.0,21426.0,6130.0,3177.0,2953.0,8399.0,4107.0,4292.0,10278.0,5022.0,5256.0
공릉2동,2023,11,41555.0,20195.0,21360.0,6100.0,3162.0,2938.0,8358.0,4084.0,4274.0,10237.0,5007.0,5230.0
공릉2동,2023,12,41466.0,20181.0,21285.0,6067.0,3155.0,2912.0,8313.0,4070.0,4243.0,10189.0,4998.0,5191.0
공릉2동,2024,1,41336.0,20118.0,21218.0,6030.0,3135.0,2895.0,8222.0,4015.0,4207.0,10069.0,4942.0,5127.0
공릉2동,2024,2,41504.0,20198.0,21306.0,6013.0,3125.0,2888.0,8449.0,4131.0,4318.0,10146.0,4985.0,5161.0
공릉2동,2024,3,41443.0,20126.0,21317.0,5979.0,3106.0,2873.0,8471.0,4100.0,4371.0,10183.0,4964.0,5219.0
공릉2동,2024,4,41446.0,20109.0,21337.0,5970.0,3105.0,2865.0,8467.0,4087.0,4380.0,10168.0,4952.0,5216.0
공릉2동,2024,5,41448.0,20091.0,21357.0,5962.0,3095.0,2867.0,8416.0,4046.0,4370.0,10153.0,4940.0,5213.0
공릉2동,2024,6,41428.0,20087.0,21341.0,5951.0,3093.0,2858.0,8385.0,4045.0,4340.0,10168.0,4953.0,5215.0
공릉2동,2024,7,41423.0,20059.0,21364.0,5937.0,3091.0,2846.0,8341.0,4017.0,4324.0,10152.0,4928.0,5224.0
공릉2동,2024,8,41402.0,20068.0,21334.0,5907.0,3073.0,2834.0,8350.0,4031.0,4319.0,10162.0,4955.0,5207.0
공릉2동,2024,9,41376.0,20052.0,21324.0,5882.0,3046.0,2836.0,8372.0,4041.0,4331.0,10178.0,4964.0,5214.0
공릉2동,2024,10,41303.0,20014.0,21289.0,5860.0,3031.0,2829.0,8321.0,4025.0,4296.0,10160.0,4940.0,5220.0
공릉2동,2024,11,41317.0,20041.0,21276.0,5867.0,3044.0,2823.0,8317.0,4020.0,4297.0,10165.0,4950.0,5215.0
공릉2동,2024,12,41322.0,20046.0,21276.0,5854.0,3033.0,2821.0,8277.0,4003.0,4274.0,10182.0,4954.0,5228.0
공릉2동,2025,1,41250.0,20014.0,21236.0,5822.0,3024.0,2798.0,8220.0,3987.0,4233.0,10119.0,4929.0,5190.0
공릉2동,2025,2,41247.0,20020.0,21227.0,5780.0,2994.0,2786.0,8332.0,4071.0,4261.0,10122.0,4977.0,5145.0
공릉2동,2025,3,41159.0,19962.0,21197.0,5737.0,2968.0,2769.0,8301.0,4052.0,4249.0,10097.0,4963.0,5134.0
공릉2동,2025,4,41064.0,19906.0,21158.0,5721.0,2953.0,2768.0,8261.0,4025.0,4236.0,10060.0,4933.0,5127.0
공릉2동,2025,5,41061.0,19892.0,21169.0,5698.0,2938.0,2760.0,8250.0,4010.0,4240.0,10056.0,4934.0,5122.0
공릉2동,2025,6,41012.0,19855.0,21157.0,5663.0,2918.0,2745.0,8220.0,3977.0,4243.0,10047.0,4913.0,5134.0
공릉2동,2025,7,40923.0,19819.0,21104.0,5641.0,2911.0,2730.0,8160.0,3957.0,4203.0,10026.0,4914.0,5112.0
공릉2동,2025,8,40898.0,19789.0,21109.0,5625.0,2900.0,2725.0,8154.0,3956.0,4198.0,10046.0,4913.0,5133.0
공릉2동,2025,9,40845.0,19746.0,21099.0,5604.0,2884.0,2720.0,8120.0,3928.0,4192.0,10058.0,4900.0,5158.0
공릉2동,2025,10,40818.0,19740.0,21078.0,5579.0,2878.0,2701.0,8079.0,3897.0,4182.0,10056.0,4889.0,5167.0
공릉2동,2025,11,40765.0,19709.0,21056.0,5553.0,2850.0,2703.0,8027.0,3856.0,4171.0,10040.0,4884.0,5156.0
공릉2동,2025,12,40695.0,19682.0,21013.0,5525.0,2829.0,2696.0,7983.0,3851.0,4132.0,10026.0,4890.0,5136.0
하계1동,2023,1,26234.0,12526.0,13708.0,2966.0,1603.0,1363.0,5494.0,2955.0,2539.0,6453.0,3415.0,3038.0
하계1동,2023,2,26568.0,12727.0,13841.0,2948.0,1597.0,1351.0,5880.0,3187.0,2693.0,6638.0,3520.0,3118.0
하계1동,2023,3,26958.0,12948.0,14010.0,2930.0,1584.0,1346.0,6273.0,3406.0,2867.0,6920.0,3692.0,3228.0
하계1동,2023,4,26942.0,12936.0,14006.0,2915.0,1575.0,1340.0,6244.0,3387.0,2857.0,6967.0,3720.0,3247.0
하계1동,2023,5,26829.0,12869.0,13960.0,2912.0,1570.0,1342.0,6173.0,3341.0,2832.0,6954.0,3716.0,3238.0
하계1동,2023,6,26616.0,12745.0,13871.0,2890.0,1566.0,1324.0,5996.0,3229.0,2767.0,6871.0,3657.0,3214.0
하계1동,2023,7,26477.0,12677.0,13800.0,2855.0,1539.0,1316.0,5880.0,3176.0,2704.0,6807.0,3622.0,3185.0
하계1동,2023,8,26259.0,12563.0,13696.0,2844.0,1530.0,1314.0,5685.0,3084.0,2601.0,6646.0,3545.0,3101.0
하계1동,2023,9,26386.0,12657.0,13729.0,2825.0,1523.0,1302.0,5806.0,3162.0,2644.0,6780.0,3637.0,3143.0
하계1동,2023,10,26295.0,12608.0,13687.0,2784.0,1498.0,1286.0,5773.0,3134.0,2639.0,6778.0,3619.0,3159.0
하계1동,2023,11,26267.0,12586.0,13681.0,2780.0,1498.0,1282.0,5744.0,3106.0,2638.0,6766.0,3602.0,3164.0
하계1동,2023,12,26140.0,12500.0,13640.0,2767.0,1489.0,1278.0,5614.0,3033.0,2581.0,6671.0,3546.0,3125.0
하계1동,2024,1,25902.0,12353.0,13549.0,2756.0,1477.0,1279.0,5390.0,2898.0,2492.0,6447.0,3422.0,3025.0
하계1동,2024,2,25963.0,12381.0,13582.0,2723.0,1462.0,1261.0,5498.0,2953.0,2545.0,6493.0,3439.0,3054.0
하계1동,2024,3,26458.0,12713.0,13745.0,2701.0,1449.0,1252.0,6015.0,3297.0,2718.0,6799.0,3629.0,3170.0
하계1동,2024,4,26348.0,12646.0,13702.0,2687.0,1443.0,1244.0,5957.0,3247.0,2710.0,6794.0,3613.0,3181.0
하계1동,2024,5,26322.0,12624.0,13698.0,2684.0,1436.0,1248.0,5915.0,3215.0,2700.0,6795.0,3612.0,3183.0
하계1동,2024,6,26129.0,12484.0,13645.0,2672.0,1433.0,1239.0,5760.0,3113.0,2647.0,6691.0,3528.0,3163.0
하계1동,2024,7,25951.0,12378.0,13573.0,2646.0,1416.0,1230.0,5632.0,3029.0,2603.0,6607.0,3477.0,3130.0
하계1동,2024,8,25842.0,12314.0,13528.0,2642.0,1412.0,1230.0,5531.0,2972.0,2559.0,6540.0,3447.0,3093.0
하계1동,2024,9,26015.0,12405.0,13610.0,2618.0,1402.0,1216.0,5716.0,3068.0,2648.0,6762.0,3561.0,3201.0
하계1동,2024,10,25944.0,12380.0,13564.0,2602.0,1390.0,1212.0,5675.0,3052.0,2623.0,6760.0,3576.0,3184.0
하계1동,2024,11,25937.0,12373.0,13564.0,2590.0,1383.0,1207.0,5623.0,3019.0,2604.0,6775.0,3571.0,3204.0
하계1동,2024,12,25747.0,12279.0,13468.0,2560.0,1361.0,1199.0,5459.0,2924.0,2535.0,6632.0,3499.0,3133.0
하계1동,2025,1,25521.0,12135.0,13386.0,2567.0,1366.0,1201.0,5213.0,2773.0,2440.0,6400.0,3362.0,3038.0
하계1동,2025,2,25299.0,12026.0,13273.0,2548.0,1359.0,1189.0,5076.0,2717.0,2359.0,6226.0,3280.0,2946.0
하계1동,2025,3,26085.0,12499.0,13586.0,2527.0,1350.0,1177.0,5833.0,3169.0,2664.0,6758.0,3604.0,3154.0
하계1동,2025,4,25998.0,12449.0,13549.0,2507.0,1338.0,1169.0,5771.0,3140.0,2631.0,6744.0,3596.0,3148.0
하계1동,2025,5,25893.0,12409.0,13484.0,2490.0,1340.0,1150.0,5690.0,3103.0,2587.0,6695.0,3578.0,3117.0
하계1동,2025,6,25744.0,12302.0,13442.0,2470.0,1328.0,1142.0,5538.0,2997.0,2541.0,6617.0,3511.0,3106.0
하계1동,2025,7,25474.0,12121.0,13353.0,2471.0,1324.0,1147.0,5289.0,2835.0,2454.0,6437.0,3384.0,3053.0
하계1동,2025,8,25382.0,12052.0,13330.0,2461.0,1312.0,1149.0,5168.0,2761.0,2407.0,6351.0,3330.0,3021.0
하계1동,2025,9,25705.0,12246.0,13459.0,2468.0,1319.0,1149.0,5443.0,2923.0,2520.0,6672.0,3518.0,3154.0
하계1동,2025,10,25689.0,12236.0,13453.0,2469.0,1318.0,1151.0,5404.0,2904.0,2500.0,6668.0,3503.0,3165.0
하계1동,2025,11,25678.0,12227.0,13451.0,2484.0,1327.0,1157.0,5377.0,2876.0,2501.0,6676.0,3496.0,3180.0
하계1동,2025,12,25422.0,12064.0,13358.0,2495.0,1333.0,1162.0,5172.0,2736.0,2436.0,6491.0,3375.0,3116.0
하계2동,2023,1,21575.0,10239.0,11336.0,3341.0,1715.0,1626.0,4181.0,2143.0,2038.0,4208.0,2148.0,2060.0
하계2동,2023,2,21517.0,10211.0,11306.0,3315.0,1692.0,1623.0,4149.0,2122.0,2027.0,4193.0,2132.0,2061.0
하계2동,2023,3,21472.0,10196.0,11276.0,3288.0,1686.0,1602.0,4106.0,2110.0,1996.0,4178.0,2125.0,2053.0
하계2동,2023,4,21445.0,10181.0,11264.0,3276.0,1686.0,1590.0,4090.0,2100.0,1990.0,4185.0,2127.0,2058.0
하계2동,2023,5,21401.0,10164.0,11237.0,3263.0,1681.0,1582.0,4074.0,2098.0,1976.0,4157.0,2127.0,2030.0
하계2동,2023,6,21367.0,10143.0,11224.0,3247.0,1673.0,1574.0,4056.0,2089.0,1967.0,4148.0,2113.0,2035.0
하계2동,2023,7,21350.0,10142.0,11208.0,3240.0,1676.0,1564.0,4031.0,2071.0,1960.0,4153.0,2114.0,2039.0
하계2동,2023,8,21374.0,10154.0,11220.0,3245.0,1686.0,1559.0,4021.0,2065.0,1956.0,4132.0,2102.0,2030.0
하계2동,2023,9,21373.0,10148.0,11225.0,3235.0,1681.0,1554.0,4030.0,2064.0,1966.0,4136.0,2094.0,2042.0
하계2동,2023,10,21339.0,10136.0,11203.0,3234.0,1685.0,1549.0,4021.0,2062.0,1959.0,4120.0,2086.0,2034.0
하계2동,2023,11,21321.0,10128.0,11193.0,3212.0,1681.0,1531.0,3998.0,2053.0,1945.0,4119.0,2083.0,2036.0
하계2동,2023,12,21310.0,10132.0,11178.0,3205.0,1680.0,1525.0,3983.0,2043.0,1940.0,4101.0,2077.0,2024.0
하계2동,2024,1,21293.0,10130.0,11163.0,3190.0,1669.0,1521.0,3988.0,2045.0,1943.0,4074.0,2074.0,2000.0
하계2동,2024,2,21274.0,10120.0,11154.0,3184.0,1673.0,1511.0,3957.0,2024.0,1933.0,4061.0,2068.0,1993.0
하계2동,2024,3,21240.0,10105.0,11135.0,3166.0,1668.0,1498.0,3935.0,2008.0,1927.0,4065.0,2067.0,1998.0
하계2동,2024,4,21187.0,10071.0,11116.0,3137.0,1653.0,1484.0,3918.0,2004.0,1914.0,4049.0,2051.0,1998.0
하계2동,2024,5,21126.0,10044.0,11082.0,3118.0,1638.0,1480.0,3874.0,1982.0,1892.0,4018.0,2034.0,1984.0
하계2동,2024,6,21077.0,10021.0,11056.0,3103.0,1628.0,1475.0,3862.0,1970.0,1892.0,4001.0,2028.0,1973.0
하계2동,2024,7,20995.0,9982.0,11013.0,3076.0,1609.0,1467.0,3837.0,1959.0,1878.0,3980.0,2015.0,1965.0
하계2동,2024,8,20957.0,9956.0,11001.0,3069.0,1609.0,1460.0,3813.0,1949.0,1864.0,3966.0,2006.0,1960.0
하계2동,2024,9,20958.0,9967.0,10991.0,3063.0,1608.0,1455.0,3812.0,1946.0,1866.0,3958.0,2004.0,1954.0
하계2동,2024,10,20915.0,9955.0,10960.0,3055.0,1611.0,1444.0,3803.0,1946.0,1857.0,3939.0,1993.0,1946.0
하계2동,2024,11,20880.0,9937.0,10943.0,3045.0,1609.0,1436.0,3797.0,1944.0,1853.0,3934.0,1981.0,1953.0
하계2동,2024,12,20868.0,9925.0,10943.0,3047.0,1605.0,1442.0,3774.0,1932.0,1842.0,3906.0,1975.0,1931.0
하계2동,2025,1,20825.0,9896.0,10929.0,3019.0,1583.0,1436.0,3757.0,1926.0,1831.0,3901.0,1973.0,1928.0
하계2동,2025,2,20828.0,9879.0,10949.0,2998.0,1559.0,1439.0,3736.0,1916.0,1820.0,3902.0,1961.0,1941.0
하계2동,2025,3,20794.0,9871.0,10923.0,2973.0,1542.0,1431.0,3708.0,1899.0,1809.0,3878.0,1952.0,1926.0
하계2동,2025,4,20750.0,9842.0,10908.0,2948.0,1525.0,1423.0,3685.0,1879.0,1806.0,3858.0,1942.0,1916.0
하계2동,2025,5,20305.0,9638.0,10667.0,2935.0,1516.0,1419.0,3631.0,1851.0,1780.0,3792.0,1910.0,1882.0
하계2동,2025,6,19767.0,9406.0,10361.0,2893.0,1478.0,1415.0,3576.0,1813.0,1763.0,3729.0,1883.0,1846.0
하계2동,2025,7,19689.0,9375.0,10314.0,2876.0,1475.0,1401.0,3559.0,1808.0,1751.0,3706.0,1869.0,1837.0
하계2동,2025,8,19660.0,9370.0,10290.0,2854.0,1467.0,1387.0,3533.0,1794.0,1739.0,3704.0,1873.0,1831.0
하계2동,2025,9,19650.0,9367.0,10283.0,2847.0,1459.0,1388.0,3524.0,1792.0,1732.0,3691.0,1866.0,1825.0
하계2동,2025,10,19673.0,9373.0,10300.0,2849.0,1460.0,1389.0,3506.0,1781.0,1725.0,3694.0,1862.0,1832.0
하계2동,2025,11,19673.0,9375.0,10298.0,2846.0,1462.0,1384.0,3504.0,1779.0,1725.0,3678.0,1859.0,1819.0
하계2동,2025,12,19608.0,9336.0,10272.0,2836.0,1461.0,1375.0,3469.0,1756.0,1713.0,3675.0,1850.0,1825.0
중계본동,2023,1,23372.0,11359.0,12013.0,4650.0,2406.0,2244.0,6300.0,3214.0,3086.0,4245.0,2158.0,2087.0
중계본동,2023,2,23375.0,11365.0,12010.0,4650.0,2419.0,2231.0,6275.0,3197.0,3078.0,4249.0,2149.0,2100.0
중계본동,2023,3,23257.0,11301.0,11956.0,4600.0,2390.0,2210.0,6195.0,3156.0,3039.0,4229.0,2131.0,2098.0
중계본동,2023,4,23182.0,11261.0,11921.0,4566.0,2373.0,2193.0,6165.0,3143.0,3022.0,4238.0,2126.0,2112.0
중계본동,2023,5,23159.0,11237.0,11922.0,4543.0,2352.0,2191.0,6147.0,3126.0,3021.0,4249.0,2137.0,2112.0
중계본동,2023,6,23099.0,11218.0,11881.0,4521.0,2343.0,2178.0,6129.0,3118.0,3011.0,4246.0,2136.0,2110.0
중계본동,2023,7,23119.0,11217.0,11902.0,4524.0,2338.0,2186.0,6123.0,3116.0,3007.0,4228.0,2130.0,2098.0
중계본동,2023,8,23077.0,11199.0,11878.0,4504.0,2330.0,2174.0,6105.0,3109.0,2996.0,4201.0,2120.0,2081.0
중계본동,2023,9,23067.0,11188.0,11879.0,4482.0,2318.0,2164.0,6129.0,3122.0,3007.0,4191.0,2107.0,2084.0
중계본동,2023,10,23079.0,11189.0,11890.0,4479.0,2296.0,2183.0,6133.0,3114.0,3019.0,4195.0,2106.0,2089.0
중계본동,2023,11,23079.0,11192.0,11887.0,4465.0,2278.0,2187.0,6134.0,3112.0,3022.0,4188.0,2110.0,2078.0
중계본동,2023,12,23066.0,11174.0,11892.0,4471.0,2275.0,2196.0,6118.0,3102.0,3016.0,4185.0,2097.0,2088.0
중계본동,2024,1,23039.0,11165.0,11874.0,4466.0,2279.0,2187.0,6098.0,3098.0,3000.0,4182.0,2101.0,2081.0
중계본동,2024,2,23047.0,11168.0,11879.0,4464.0,2288.0,2176.0,6080.0,3079.0,3001.0,4162.0,2084.0,2078.0
중계본동,2024,3,22968.0,11119.0,11849.0,4428.0,2261.0,2167.0,6047.0,3057.0,2990.0,4149.0,2080.0,2069.0
중계본동,2024,4,22929.0,11108.0,11821.0,4401.0,2256.0,2145.0,6036.0,3051.0,2985.0,4163.0,2094.0,2069.0
중계본동,2024,5,22879.0,11084.0,11795.0,4390.0,2248.0,2142.0,6027.0,3063.0,2964.0,4171.0,2096.0,2075.0
중계본동,2024,6,22807.0,11057.0,11750.0,4370.0,2236.0,2134.0,5998.0,3054.0,2944.0,4154.0,2089.0,2065.0
중계본동,2024,7,22704.0,11014.0,11690.0,4346.0,2229.0,2117.0,5965.0,3037.0,2928.0,4128.0,2085.0,2043.0
중계본동,2024,8,22698.0,10986.0,11712.0,4347.0,2223.0,2124.0,5955.0,3018.0,2937.0,4121.0,2076.0,2045.0
중계본동,2024,9,22719.0,11007.0,11712.0,4364.0,2234.0,2130.0,5973.0,3029.0,2944.0,4140.0,2092.0,2048.0
중계본동,2024,10,22720.0,11002.0,11718.0,4374.0,2247.0,2127.0,5976.0,3033.0,2943.0,4128.0,2096.0,2032.0
중계본동,2024,11,22677.0,10982.0,11695.0,4364.0,2245.0,2119.0,5987.0,3042.0,2945.0,4133.0,2098.0,2035.0
중계본동,2024,12,22606.0,10954.0,11652.0,4360.0,2243.0,2117.0,5973.0,3030.0,2943.0,4108.0,2088.0,2020.0
중계본동,2025,1,22542.0,10928.0,11614.0,4334.0,2224.0,2110.0,5947.0,3010.0,2937.0,4098.0,2082.0,2016.0
중계본동,2025,2,22505.0,10900.0,11605.0,4347.0,2232.0,2115.0,5902.0,2990.0,2912.0,4074.0,2056.0,2018.0
중계본동,2025,3,22369.0,10801.0,11568.0,4298.0,2201.0,2097.0,5848.0,2948.0,2900.0,4042.0,2032.0,2010.0
중계본동,2025,4,22341.0,10798.0,11543.0,4271.0,2188.0,2083.0,5823.0,2940.0,2883.0,4060.0,2046.0,2014.0
중계본동,2025,5,22285.0,10759.0,11526.0,4260.0,2181.0,2079.0,5809.0,2933.0,2876.0,4046.0,2038.0,2008.0
중계본동,2025,6,22283.0,10766.0,11517.0,4263.0,2189.0,2074.0,5809.0,2945.0,2864.0,4043.0,2045.0,1998.0
중계본동,2025,7,22230.0,10754.0,11476.0,4235.0,2180.0,2055.0,5780.0,2936.0,2844.0,4027.0,2037.0,1990.0
중계본동,2025,8,22199.0,10736.0,11463.0,4223.0,2176.0,2047.0,5754.0,2923.0,2831.0,4005.0,2023.0,1982.0
중계본동,2025,9,22230.0,10745.0,11485.0,4241.0,2184.0,2057.0,5773.0,2936.0,2837.0,3973.0,2002.0,1971.0
중계본동,2025,10,22271.0,10764.0,11507.0,4253.0,2188.0,2065.0,5778.0,2940.0,2838.0,3957.0,1993.0,1964.0
중계본동,2025,11,22270.0,10754.0,11516.0,4249.0,2188.0,2061.0,5781.0,2943.0,2838.0,3952.0,1987.0,1965.0
중계본동,2025,12,22233.0,10733.0,11500.0,4251.0,2183.0,2068.0,5762.0,2934.0,2828.0,3928.0,1975.0,1953.0
중계1동,2023,1,26461.0,12891.0,13570.0,6062.0,3240.0,2822.0,7475.0,3965.0,3510.0,4181.0,2150.0,2031.0
중계1동,2023,2,26466.0,12898.0,13568.0,6094.0,3259.0,2835.0,7441.0,3958.0,3483.0,4158.0,2138.0,2020.0
중계1동,2023,3,26405.0,12880.0,13525.0,6060.0,3247.0,2813.0,7410.0,3947.0,3463.0,4149.0,2133.0,2016.0
중계1동,2023,4,26427.0,12902.0,13525.0,6054.0,3253.0,2801.0,7411.0,3950.0,3461.0,4150.0,2142.0,2008.0
중계1동,2023,5,26395.0,12888.0,13507.0,6023.0,3238.0,2785.0,7420.0,3956.0,3464.0,4141.0,2131.0,2010.0
중계1동,2023,6,26383.0,12876.0,13507.0,6011.0,3227.0,2784.0,7402.0,3949.0,3453.0,4150.0,2137.0,2013.0
중계1동,2023,7,26365.0,12868.0,13497.0,6004.0,3223.0,2781.0,7395.0,3945.0,3450.0,4127.0,2123.0,2004.0
중계1동,2023,8,26320.0,12848.0,13472.0,5989.0,3222.0,2767.0,7387.0,3946.0,3441.0,4095.0,2098.0,1997.0
중계1동,2023,9,26316.0,12840.0,13476.0,5970.0,3208.0,2762.0,7384.0,3938.0,3446.0,4093.0,2102.0,1991.0
중계1동,2023,10,26357.0,12858.0,13499.0,5992.0,3220.0,2772.0,7391.0,3938.0,3453.0,4079.0,2095.0,1984.0
중계1동,2023,11,26347.0,12866.0,13481.0,5985.0,3222.0,2763.0,7393.0,3947.0,3446.0,4079.0,2098.0,1981.0
중계1동,2023,12,26326.0,12846.0,13480.0,5989.0,3220.0,2769.0,7354.0,3925.0,3429.0,4071.0,2096.0,1975.0
중계1동,2024,1,26290.0,12816.0,13474.0,5990.0,3218.0,2772.0,7324.0,3913.0,3411.0,4044.0,2076.0,1968.0
중계1동,2024,2,26364.0,12862.0,13502.0,6067.0,3263.0,2804.0,7277.0,3898.0,3379.0,4003.0,2064.0,1939.0
중계1동,2024,3,26294.0,12821.0,13473.0,6017.0,3233.0,2784.0,7262.0,3888.0,3374.0,3981.0,2055.0,1926.0
중계1동,2024,4,26265.0,12803.0,13462.0,5974.0,3214.0,2760.0,7225.0,3873.0,3352.0,3976.0,2050.0,1926.0
중계1동,2024,5,26255.0,12802.0,13453.0,5969.0,3214.0,2755.0,7221.0,3877.0,3344.0,3979.0,2051.0,1928.0
중계1동,2024,6,26255.0,12803.0,13452.0,5952.0,3216.0,2736.0,7206.0,3865.0,3341.0,3974.0,2048.0,1926.0
중계1동,2024,7,26246.0,12805.0,13441.0,5972.0,3228.0,2744.0,7204.0,3865.0,3339.0,3953.0,2045.0,1908.0
중계1동,2024,8,26254.0,12803.0,13451.0,5980.0,3225.0,2755.0,7195.0,3862.0,3333.0,3929.0,2030.0,1899.0
중계1동,2024,9,26268.0,12804.0,13464.0,5959.0,3209.0,2750.0,7204.0,3860.0,3344.0,3920.0,2023.0,1897.0
중계1동,2024,10,26206.0,12772.0,13434.0,5935.0,3195.0,2740.0,7194.0,3857.0,3337.0,3885.0,2009.0,1876.0
중계1동,2024,11,26184.0,12762.0,13422.0,5925.0,3191.0,2734.0,7190.0,3859.0,3331.0,3886.0,2013.0,1873.0
중계1동,2024,12,26153.0,12735.0,13418.0,5950.0,3203.0,2747.0,7149.0,3831.0,3318.0,3840.0,1980.0,1860.0
중계1동,2025,1,26151.0,12740.0,13411.0,5950.0,3206.0,2744.0,7144.0,3837.0,3307.0,3848.0,1979.0,1869.0
중계1동,2025,2,26198.0,12764.0,13434.0,5991.0,3227.0,2764.0,7091.0,3797.0,3294.0,3823.0,1962.0,1861.0
중계1동,2025,3,26106.0,12723.0,13383.0,5945.0,3206.0,2739.0,7057.0,3778.0,3279.0,3817.0,1963.0,1854.0
중계1동,2025,4,26100.0,12712.0,13388.0,5924.0,3189.0,2735.0,7057.0,3772.0,3285.0,3807.0,1950.0,1857.0
중계1동,2025,5,26045.0,12692.0,13353.0,5888.0,3168.0,2720.0,7049.0,3768.0,3281.0,3800.0,1951.0,1849.0
중계1동,2025,6,26014.0,12684.0,13330.0,5878.0,3154.0,2724.0,7049.0,3773.0,3276.0,3781.0,1942.0,1839.0
중계1동,2025,7,25967.0,12674.0,13293.0,5872.0,3154.0,2718.0,7031.0,3772.0,3259.0,3741.0,1929.0,1812.0
중계1동,2025,8,25960.0,12657.0,13303.0,5860.0,3146.0,2714.0,7029.0,3771.0,3258.0,3726.0,1925.0,1801.0
중계1동,2025,9,25933.0,12645.0,13288.0,5842.0,3138.0,2704.0,7004.0,3760.0,3244.0,3720.0,1927.0,1793.0
중계1동,2025,10,26013.0,12687.0,13326.0,5845.0,3144.0,2701.0,7031.0,3776.0,3255.0,3749.0,1935.0,1814.0
중계1동,2025,11,25987.0,12670.0,13317.0,5821.0,3127.0,2694.0,7033.0,3776.0,3257.0,3737.0,1925.0,1812.0
중계1동,2025,12,25977.0,12667.0,13310.0,5825.0,3125.0,2700.0,7014.0,3760.0,3254.0,3727.0,1914.0,1813.0
중계4동,2023,1,19492.0,9364.0,10128.0,2498.0,1313.0,1185.0,3450.0,1855.0,1595.0,3510.0,1835.0,1675.0
중계4동,2023,2,19417.0,9323.0,10094.0,2483.0,1298.0,1185.0,3407.0,1829.0,1578.0,3483.0,1818.0,1665.0
중계4동,2023,3,19419.0,9310.0,10109.0,2488.0,1294.0,1194.0,3396.0,1820.0,1576.0,3490.0,1819.0,1671.0
중계4동,2023,4,19412.0,9305.0,10107.0,2474.0,1284.0,1190.0,3375.0,1800.0,1575.0,3503.0,1833.0,1670.0
중계4동,2023,5,19389.0,9286.0,10103.0,2462.0,1278.0,1184.0,3355.0,1784.0,1571.0,3505.0,1826.0,1679.0
중계4동,2023,6,19349.0,9263.0,10086.0,2457.0,1271.0,1186.0,3357.0,1776.0,1581.0,3492.0,1811.0,1681.0
중계4동,2023,7,19242.0,9214.0,10028.0,2426.0,1260.0,1166.0,3324.0,1762.0,1562.0,3474.0,1797.0,1677.0
중계4동,2023,8,19206.0,9201.0,10005.0,2390.0,1242.0,1148.0,3292.0,1747.0,1545.0,3503.0,1811.0,1692.0
중계4동,2023,9,19153.0,9183.0,9970.0,2377.0,1237.0,1140.0,3278.0,1749.0,1529.0,3483.0,1815.0,1668.0
중계4동,2023,10,19167.0,9184.0,9983.0,2389.0,1240.0,1149.0,3289.0,1757.0,1532.0,3471.0,1819.0,1652.0
중계4동,2023,11,19157.0,9165.0,9992.0,2381.0,1233.0,1148.0,3274.0,1749.0,1525.0,3476.0,1811.0,1665.0
중계4동,2023,12,19119.0,9152.0,9967.0,2380.0,1236.0,1144.0,3263.0,1743.0,1520.0,3457.0,1796.0,1661.0
중계4동,2024,1,19130.0,9153.0,9977.0,2395.0,1240.0,1155.0,3270.0,1744.0,1526.0,3447.0,1789.0,1658.0
중계4동,2024,2,19135.0,9163.0,9972.0,2398.0,1242.0,1156.0,3266.0,1740.0,1526.0,3434.0,1783.0,1651.0
중계4동,2024,3,19105.0,9160.0,9945.0,2382.0,1228.0,1154.0,3230.0,1717.0,1513.0,3427.0,1783.0,1644.0
중계4동,2024,4,19062.0,9133.0,9929.0,2372.0,1219.0,1153.0,3213.0,1705.0,1508.0,3412.0,1778.0,1634.0
중계4동,2024,5,19040.0,9127.0,9913.0,2349.0,1207.0,1142.0,3193.0,1697.0,1496.0,3400.0,1776.0,1624.0
중계4동,2024,6,19049.0,9135.0,9914.0,2357.0,1213.0,1144.0,3203.0,1701.0,1502.0,3396.0,1772.0,1624.0
중계4동,2024,7,19006.0,9128.0,9878.0,2341.0,1202.0,1139.0,3175.0,1689.0,1486.0,3375.0,1765.0,1610.0
중계4동,2024,8,18992.0,9126.0,9866.0,2334.0,1204.0,1130.0,3159.0,1689.0,1470.0,3360.0,1754.0,1606.0
중계4동,2024,9,18953.0,9111.0,9842.0,2334.0,1206.0,1128.0,3137.0,1680.0,1457.0,3344.0,1742.0,1602.0
중계4동,2024,10,18925.0,9101.0,9824.0,2317.0,1186.0,1131.0,3137.0,1679.0,1458.0,3337.0,1751.0,1586.0
중계4동,2024,11,18897.0,9075.0,9822.0,2304.0,1177.0,1127.0,3133.0,1678.0,1455.0,3324.0,1746.0,1578.0
중계4동,2024,12,18863.0,9060.0,9803.0,2287.0,1166.0,1121.0,3123.0,1673.0,1450.0,3294.0,1730.0,1564.0
중계4동,2025,1,18845.0,9036.0,9809.0,2266.0,1142.0,1124.0,3119.0,1659.0,1460.0,3306.0,1730.0,1576.0
중계4동,2025,2,18853.0,9035.0,9818.0,2271.0,1146.0,1125.0,3102.0,1652.0,1450.0,3300.0,1724.0,1576.0
중계4동,2025,3,18822.0,9029.0,9793.0,2258.0,1140.0,1118.0,3100.0,1650.0,1450.0,3292.0,1728.0,1564.0
중계4동,2025,4,18777.0,9002.0,9775.0,2237.0,1126.0,1111.0,3079.0,1640.0,1439.0,3282.0,1730.0,1552.0
중계4동,2025,5,18752.0,8988.0,9764.0,2228.0,1119.0,1109.0,3060.0,1629.0,1431.0,3280.0,1730.0,1550.0
중계4동,2025,6,18749.0,8978.0,9771.0,2214.0,1112.0,1102.0,3054.0,1625.0,1429.0,3278.0,1731.0,1547.0
중계4동,2025,7,18754.0,8985.0,9769.0,2213.0,1122.0,1091.0,3049.0,1631.0,1418.0,3286.0,1735.0,1551.0
중계4동,2025,8,18729.0,8981.0,9748.0,2208.0,1124.0,1084.0,3038.0,1625.0,1413.0,3270.0,1726.0,1544.0
중계4동,2025,9,18719.0,8961.0,9758.0,2198.0,1117.0,1081.0,3023.0,1615.0,1408.0,3270.0,1720.0,1550.0
중계4동,2025,10,18653.0,8942.0,9711.0,2187.0,1115.0,1072.0,2996.0,1600.0,1396.0,3258.0,1726.0,1532.0
중계4동,2025,11,18660.0,8944.0,9716.0,2189.0,1112.0,1077.0,2978.0,1584.0,1394.0,3267.0,1732.0,1535.0
중계4동,2025,12,18600.0,8917.0,9683.0,2171.0,1105.0,1066.0,2945.0,1571.0,1374.0,3245.0,1723.0,1522.0
중계2.3동,2023,1,33266.0,15223.0,18043.0,3786.0,1926.0,1860.0,4926.0,2434.0,2492.0,6180.0,3040.0,3140.0
중계2.3동,2023,2,33213.0,15199.0,18014.0,3766.0,1916.0,1850.0,4916.0,2428.0,2488.0,6165.0,3030.0,3135.0
중계2.3동,2023,3,33143.0,15169.0,17974.0,3741.0,1901.0,1840.0,4895.0,2417.0,2478.0,6160.0,3030.0,3130.0
중계2.3동,2023,4,33067.0,15133.0,17934.0,3716.0,1892.0,1824.0,4853.0,2400.0,2453.0,6144.0,3019.0,3125.0
중계2.3동,2023,5,33023.0,15125.0,17898.0,3689.0,1877.0,1812.0,4824.0,2395.0,2429.0,6140.0,3021.0,3119.0
중계2.3동,2023,6,32935.0,15080.0,17855.0,3675.0,1869.0,1806.0,4804.0,2384.0,2420.0,6113.0,3013.0,3100.0
중계2.3동,2023,7,32869.0,15040.0,17829.0,3664.0,1856.0,1808.0,4793.0,2377.0,2416.0,6089.0,3000.0,3089.0
중계2.3동,2023,8,32771.0,14973.0,17798.0,3623.0,1832.0,1791.0,4755.0,2352.0,2403.0,6063.0,2979.0,3084.0
중계2.3동,2023,9,32661.0,14912.0,17749.0,3610.0,1831.0,1779.0,4721.0,2334.0,2387.0,6032.0,2959.0,3073.0
중계2.3동,2023,10,32588.0,14876.0,17712.0,3579.0,1814.0,1765.0,4702.0,2332.0,2370.0,6018.0,2957.0,3061.0
중계2.3동,2023,11,32567.0,14863.0,17704.0,3559.0,1801.0,1758.0,4692.0,2325.0,2367.0,6005.0,2944.0,3061.0
중계2.3동,2023,12,32500.0,14829.0,17671.0,3544.0,1790.0,1754.0,4648.0,2291.0,2357.0,5978.0,2933.0,3045.0
중계2.3동,2024,1,32421.0,14790.0,17631.0,3521.0,1778.0,1743.0,4626.0,2279.0,2347.0,5962.0,2930.0,3032.0
중계2.3동,2024,2,32352.0,14747.0,17605.0,3510.0,1757.0,1753.0,4581.0,2259.0,2322.0,5934.0,2923.0,3011.0
중계2.3동,2024,3,32322.0,14718.0,17604.0,3481.0,1735.0,1746.0,4567.0,2251.0,2316.0,5936.0,2920.0,3016.0
중계2.3동,2024,4,32244.0,14673.0,17571.0,3465.0,1730.0,1735.0,4539.0,2235.0,2304.0,5934.0,2921.0,3013.0
중계2.3동,2024,5,32186.0,14636.0,17550.0,3459.0,1723.0,1736.0,4501.0,2215.0,2286.0,5921.0,2907.0,3014.0
중계2.3동,2024,6,32101.0,14589.0,17512.0,3426.0,1702.0,1724.0,4475.0,2195.0,2280.0,5902.0,2899.0,3003.0
중계2.3동,2024,7,32085.0,14571.0,17514.0,3422.0,1704.0,1718.0,4487.0,2199.0,2288.0,5876.0,2886.0,2990.0
중계2.3동,2024,8,31998.0,14526.0,17472.0,3407.0,1691.0,1716.0,4459.0,2188.0,2271.0,5858.0,2874.0,2984.0
중계2.3동,2024,9,31911.0,14470.0,17441.0,3357.0,1653.0,1704.0,4431.0,2159.0,2272.0,5851.0,2857.0,2994.0
중계2.3동,2024,10,31820.0,14426.0,17394.0,3333.0,1649.0,1684.0,4393.0,2140.0,2253.0,5851.0,2855.0,2996.0
중계2.3동,2024,11,31770.0,14398.0,17372.0,3315.0,1640.0,1675.0,4379.0,2126.0,2253.0,5829.0,2840.0,2989.0
중계2.3동,2024,12,31733.0,14386.0,17347.0,3309.0,1640.0,1669.0,4362.0,2119.0,2243.0,5805.0,2830.0,2975.0
중계2.3동,2025,1,31687.0,14369.0,17318.0,3286.0,1635.0,1651.0,4340.0,2107.0,2233.0,5777.0,2811.0,2966.0
중계2.3동,2025,2,31598.0,14309.0,17289.0,3280.0,1638.0,1642.0,4306.0,2088.0,2218.0,5728.0,2778.0,2950.0
중계2.3동,2025,3,31552.0,14293.0,17259.0,3278.0,1647.0,1631.0,4285.0,2078.0,2207.0,5702.0,2772.0,2930.0
중계2.3동,2025,4,31544.0,14294.0,17250.0,3252.0,1627.0,1625.0,4271.0,2068.0,2203.0,5683.0,2771.0,2912.0
중계2.3동,2025,5,31663.0,14334.0,17329.0,3231.0,1606.0,1625.0,4257.0,2062.0,2195.0,5681.0,2771.0,2910.0
중계2.3동,2025,6,31771.0,14367.0,17404.0,3225.0,1614.0,1611.0,4268.0,2074.0,2194.0,5678.0,2767.0,2911.0
중계2.3동,2025,7,31733.0,14376.0,17357.0,3217.0,1613.0,1604.0,4239.0,2064.0,2175.0,5662.0,2761.0,2901.0
중계2.3동,2025,8,31643.0,14329.0,17314.0,3186.0,1599.0,1587.0,4207.0,2046.0,2161.0,5623.0,2748.0,2875.0
중계2.3동,2025,9,31620.0,14308.0,17312.0,3172.0,1594.0,1578.0,4194.0,2041.0,2153.0,5630.0,2755.0,2875.0
중계2.3동,2025,10,31571.0,14287.0,17284.0,3139.0,1579.0,1560.0,4173.0,2032.0,2141.0,5614.0,2745.0,2869.0
중계2.3동,2025,11,31523.0,14238.0,17285.0,3119.0,1564.0,1555.0,4143.0,2018.0,2125.0,5622.0,2739.0,2883.0
중계2.3동,2025,12,31490.0,14225.0,17265.0,3114.0,1560.0,1554.0,4124.0,2007.0,2117.0,5617.0,2730.0,2887.0
상계1동,2023,1,37638.0,18189.0,19449.0,4339.0,2204.0,2135.0,5575.0,2881.0,2694.0,7497.0,3808.0,3689.0
상계1동,2023,2,37588.0,18158.0,19430.0,4321.0,2197.0,2124.0,5538.0,2858.0,2680.0,7464.0,3780.0,3684.0
상계1동,2023,3,37569.0,18135.0,19434.0,4340.0,2206.0,2134.0,5499.0,2842.0,2657.0,7431.0,3751.0,3680.0
상계1동,2023,4,37470.0,18069.0,19401.0,4311.0,2191.0,2120.0,5450.0,2822.0,2628.0,7385.0,3723.0,3662.0
상계1동,2023,5,37408.0,18034.0,19374.0,4293.0,2179.0,2114.0,5412.0,2792.0,2620.0,7353.0,3703.0,3650.0
상계1동,2023,6,37273.0,17947.0,19326.0,4257.0,2152.0,2105.0,5368.0,2768.0,2600.0,7315.0,3685.0,3630.0
상계1동,2023,7,37237.0,17914.0,19323.0,4218.0,2132.0,2086.0,5365.0,2764.0,2601.0,7320.0,3670.0,3650.0
상계1동,2023,8,37175.0,17875.0,19300.0,4167.0,2107.0,2060.0,5332.0,2747.0,2585.0,7296.0,3661.0,3635.0
상계1동,2023,9,37115.0,17853.0,19262.0,4147.0,2104.0,2043.0,5320.0,2744.0,2576.0,7273.0,3656.0,3617.0
상계1동,2023,10,37003.0,17789.0,19214.0,4110.0,2083.0,2027.0,5314.0,2732.0,2582.0,7229.0,3632.0,3597.0
상계1동,2023,11,36880.0,17715.0,19165.0,4081.0,2069.0,2012.0,5288.0,2719.0,2569.0,7212.0,3609.0,3603.0
상계1동,2023,12,36844.0,17695.0,19149.0,4069.0,2064.0,2005.0,5259.0,2697.0,2562.0,7211.0,3604.0,3607.0
상계1동,2024,1,36790.0,17669.0,19121.0,4038.0,2044.0,1994.0,5233.0,2681.0,2552.0,7218.0,3606.0,3612.0
상계1동,2024,2,36734.0,17636.0,19098.0,4003.0,2022.0,1981.0,5209.0,2658.0,2551.0,7164.0,3585.0,3579.0
상계1동,2024,3,36755.0,17628.0,19127.0,4011.0,2028.0,1983.0,5195.0,2650.0,2545.0,7150.0,3578.0,3572.0
상계1동,2024,4,36681.0,17599.0,19082.0,3983.0,2014.0,1969.0,5171.0,2633.0,2538.0,7141.0,3569.0,3572.0
상계1동,2024,5,36670.0,17585.0,19085.0,3963.0,2012.0,1951.0,5162.0,2625.0,2537.0,7104.0,3548.0,3556.0
상계1동,2024,6,36669.0,17588.0,19081.0,3968.0,2017.0,1951.0,5144.0,2616.0,2528.0,7101.0,3550.0,3551.0
상계1동,2024,7,36626.0,17561.0,19065.0,3967.0,2009.0,1958.0,5146.0,2623.0,2523.0,7065.0,3535.0,3530.0
상계1동,2024,8,36576.0,17547.0,19029.0,3941.0,1992.0,1949.0,5124.0,2620.0,2504.0,7047.0,3536.0,3511.0
상계1동,2024,9,36508.0,17530.0,18978.0,3916.0,1986.0,1930.0,5096.0,2594.0,2502.0,7006.0,3534.0,3472.0
상계1동,2024,10,36454.0,17521.0,18933.0,3878.0,1969.0,1909.0,5091.0,2599.0,2492.0,6989.0,3533.0,3456.0
상계1동,2024,11,36468.0,17529.0,18939.0,3868.0,1964.0,1904.0,5077.0,2591.0,2486.0,6980.0,3527.0,3453.0
상계1동,2024,12,36418.0,17505.0,18913.0,3843.0,1959.0,1884.0,5081.0,2596.0,2485.0,6976.0,3536.0,3440.0
상계1동,2025,1,36389.0,17487.0,18902.0,3836.0,1960.0,1876.0,5060.0,2583.0,2477.0,6959.0,3533.0,3426.0
상계1동,2025,2,36311.0,17439.0,18872.0,3823.0,1950.0,1873.0,5010.0,2557.0,2453.0,6893.0,3496.0,3397.0
상계1동,2025,3,36292.0,17436.0,18856.0,3805.0,1942.0,1863.0,4965.0,2533.0,2432.0,6877.0,3489.0,3388.0
상계1동,2025,4,36285.0,17426.0,18859.0,3792.0,1936.0,1856.0,4943.0,2513.0,2430.0,6883.0,3496.0,3387.0
상계1동,2025,5,36312.0,17421.0,18891.0,3789.0,1936.0,1853.0,4919.0,2501.0,2418.0,6881.0,3483.0,3398.0
상계1동,2025,6,36298.0,17408.0,18890.0,3769.0,1935.0,1834.0,4906.0,2494.0,2412.0,6856.0,3460.0,3396.0
상계1동,2025,7,36285.0,17410.0,18875.0,3769.0,1935.0,1834.0,4891.0,2485.0,2406.0,6827.0,3460.0,3367.0
상계1동,2025,8,36223.0,17378.0,18845.0,3748.0,1923.0,1825.0,4868.0,2480.0,2388.0,6783.0,3436.0,3347.0
상계1동,2025,9,36180.0,17337.0,18843.0,3725.0,1905.0,1820.0,4839.0,2452.0,2387.0,6757.0,3408.0,3349.0
상계1동,2025,10,36156.0,17325.0,18831.0,3694.0,1885.0,1809.0,4793.0,2426.0,2367.0,6750.0,3403.0,3347.0
상계1동,2025,11,36112.0,17293.0,18819.0,3684.0,1876.0,1808.0,4782.0,2415.0,2367.0,6743.0,3398.0,3345.0
상계1동,2025,12,35997.0,17223.0,18774.0,3654.0,1856.0,1798.0,4754.0,2399.0,2355.0,6715.0,3380.0,3335.0
상계2동,2023,1,19470.0,9569.0,9901.0,2020.0,987.0,1033.0,3262.0,1604.0,1658.0,4427.0,2267.0,2160.0
상계2동,2023,2,19477.0,9583.0,9894.0,2011.0,984.0,1027.0,3260.0,1601.0,1659.0,4415.0,2263.0,2152.0
상계2동,2023,3,19462.0,9580.0,9882.0,2009.0,986.0,1023.0,3250.0,1610.0,1640.0,4413.0,2271.0,2142.0
상계2동,2023,4,19427.0,9566.0,9861.0,2001.0,983.0,1018.0,3237.0,1597.0,1640.0,4424.0,2279.0,2145.0
상계2동,2023,5,19419.0,9557.0,9862.0,1989.0,973.0,1016.0,3217.0,1588.0,1629.0,4439.0,2292.0,2147.0
상계2동,2023,6,19405.0,9548.0,9857.0,1976.0,971.0,1005.0,3201.0,1571.0,1630.0,4424.0,2276.0,2148.0
상계2동,2023,7,19326.0,9524.0,9802.0,1957.0,962.0,995.0,3178.0,1569.0,1609.0,4391.0,2266.0,2125.0
상계2동,2023,8,19265.0,9490.0,9775.0,1930.0,946.0,984.0,3138.0,1549.0,1589.0,4376.0,2251.0,2125.0
상계2동,2023,9,19240.0,9477.0,9763.0,1908.0,933.0,975.0,3131.0,1541.0,1590.0,4374.0,2251.0,2123.0
상계2동,2023,10,19174.0,9447.0,9727.0,1893.0,924.0,969.0,3103.0,1527.0,1576.0,4357.0,2247.0,2110.0
상계2동,2023,11,19122.0,9429.0,9693.0,1871.0,914.0,957.0,3081.0,1519.0,1562.0,4352.0,2256.0,2096.0
상계2동,2023,12,19102.0,9423.0,9679.0,1860.0,908.0,952.0,3069.0,1513.0,1556.0,4342.0,2262.0,2080.0
상계2동,2024,1,19122.0,9429.0,9693.0,1844.0,894.0,950.0,3054.0,1502.0,1552.0,4358.0,2272.0,2086.0
상계2동,2024,2,19095.0,9418.0,9677.0,1837.0,889.0,948.0,3040.0,1494.0,1546.0,4338.0,2275.0,2063.0
상계2동,2024,3,19047.0,9398.0,9649.0,1819.0,883.0,936.0,3019.0,1485.0,1534.0,4343.0,2275.0,2068.0
상계2동,2024,4,19049.0,9383.0,9666.0,1814.0,879.0,935.0,3001.0,1466.0,1535.0,4334.0,2250.0,2084.0
상계2동,2024,5,19043.0,9376.0,9667.0,1832.0,887.0,945.0,2994.0,1469.0,1525.0,4311.0,2242.0,2069.0
상계2동,2024,6,18993.0,9353.0,9640.0,1822.0,878.0,944.0,2988.0,1463.0,1525.0,4285.0,2235.0,2050.0
상계2동,2024,7,18978.0,9348.0,9630.0,1818.0,880.0,938.0,2975.0,1466.0,1509.0,4279.0,2245.0,2034.0
상계2동,2024,8,18993.0,9353.0,9640.0,1811.0,877.0,934.0,2970.0,1462.0,1508.0,4290.0,2246.0,2044.0
상계2동,2024,9,18937.0,9327.0,9610.0,1788.0,865.0,923.0,2945.0,1449.0,1496.0,4271.0,2231.0,2040.0
상계2동,2024,10,18928.0,9318.0,9610.0,1801.0,864.0,937.0,2933.0,1434.0,1499.0,4228.0,2206.0,2022.0
상계2동,2024,11,18903.0,9337.0,9566.0,1788.0,862.0,926.0,2926.0,1439.0,1487.0,4232.0,2217.0,2015.0
상계2동,2024,12,18837.0,9293.0,9544.0,1768.0,849.0,919.0,2902.0,1432.0,1470.0,4187.0,2191.0,1996.0
상계2동,2025,1,18817.0,9278.0,9539.0,1758.0,840.0,918.0,2888.0,1423.0,1465.0,4160.0,2170.0,1990.0
상계2동,2025,2,18811.0,9270.0,9541.0,1758.0,842.0,916.0,2876.0,1408.0,1468.0,4124.0,2132.0,1992.0
상계2동,2025,3,18789.0,9255.0,9534.0,1745.0,833.0,912.0,2850.0,1392.0,1458.0,4108.0,2122.0,1986.0
상계2동,2025,4,18747.0,9231.0,9516.0,1730.0,826.0,904.0,2827.0,1383.0,1444.0,4084.0,2109.0,1975.0
상계2동,2025,5,18726.0,9212.0,9514.0,1718.0,825.0,893.0,2805.0,1366.0,1439.0,4083.0,2108.0,1975.0
상계2동,2025,6,18722.0,9201.0,9521.0,1709.0,816.0,893.0,2784.0,1350.0,1434.0,4083.0,2104.0,1979.0
상계2동,2025,7,18664.0,9176.0,9488.0,1674.0,807.0,867.0,2759.0,1343.0,1416.0,4077.0,2102.0,1975.0
상계2동,2025,8,18651.0,9159.0,9492.0,1669.0,805.0,864.0,2741.0,1332.0,1409.0,4083.0,2091.0,1992.0
상계2동,2025,9,18647.0,9169.0,9478.0,1648.0,796.0,852.0,2703.0,1314.0,1389.0,4089.0,2094.0,1995.0
상계2동,2025,10,18626.0,9148.0,9478.0,1640.0,790.0,850.0,2690.0,1301.0,1389.0,4085.0,2087.0,1998.0
상계2동,2025,11,18608.0,9133.0,9475.0,1636.0,785.0,851.0,2680.0,1297.0,1383.0,4086.0,2090.0,1996.0
상계2동,2025,12,18580.0,9116.0,9464.0,1628.0,786.0,842.0,2661.0,1289.0,1372.0,4056.0,2085.0,1971.0
상계3.4동,2023,1,25177.0,12560.0,12617.0,2556.0,1359.0,1197.0,3417.0,1856.0,1561.0,4428.0,2388.0,2040.0
상계3.4동,2023,2,25113.0,12539.0,12574.0,2529.0,1352.0,1177.0,3386.0,1841.0,1545.0,4412.0,2382.0,2030.0
상계3.4동,2023,3,25074.0,12514.0,12560.0,2521.0,1344.0,1177.0,3386.0,1838.0,1548.0,4392.0,2372.0,2020.0
상계3.4동,2023,4,25050.0,12499.0,12551.0,2513.0,1337.0,1176.0,3365.0,1826.0,1539.0,4372.0,2368.0,2004.0
상계3.4동,2023,5,25024.0,12473.0,12551.0,2498.0,1326.0,1172.0,3363.0,1820.0,1543.0,4356.0,2362.0,1994.0
상계3.4동,2023,6,24999.0,12466.0,12533.0,2497.0,1329.0,1168.0,3336.0,1805.0,1531.0,4330.0,2351.0,1979.0
상계3.4동,2023,7,26175.0,13039.0,13136.0,2828.0,1506.0,1322.0,3592.0,1923.0,1669.0,4536.0,2433.0,2103.0
상계3.4동,2023,8,26957.0,13419.0,13538.0,3034.0,1601.0,1433.0,3733.0,1994.0,1739.0,4682.0,2513.0,2169.0
상계3.4동,2023,9,27350.0,13617.0,13733.0,3101.0,1631.0,1470.0,3806.0,2036.0,1770.0,4770.0,2550.0,2220.0
상계3.4동,2023,10,27462.0,13666.0,13796.0,3117.0,1636.0,1481.0,3815.0,2044.0,1771.0,4809.0,2565.0,2244.0
상계3.4동,2023,11,27514.0,13689.0,13825.0,3115.0,1641.0,1474.0,3839.0,2061.0,1778.0,4807.0,2562.0,2245.0
상계3.4동,2023,12,27491.0,13675.0,13816.0,3091.0,1628.0,1463.0,3836.0,2063.0,1773.0,4819.0,2561.0,2258.0
상계3.4동,2024,1,27473.0,13666.0,13807.0,3079.0,1622.0,1457.0,3822.0,2048.0,1774.0,4829.0,2571.0,2258.0
상계3.4동,2024,2,27411.0,13636.0,13775.0,3077.0,1620.0,1457.0,3794.0,2031.0,1763.0,4775.0,2541.0,2234.0
상계3.4동,2024,3,27389.0,13611.0,13778.0,3073.0,1611.0,1462.0,3777.0,2018.0,1759.0,4750.0,2516.0,2234.0
상계3.4동,2024,4,27377.0,13595.0,13782.0,3075.0,1613.0,1462.0,3777.0,2012.0,1765.0,4725.0,2496.0,2229.0
상계3.4동,2024,5,27346.0,13593.0,13753.0,3058.0,1609.0,1449.0,3770.0,2009.0,1761.0,4703.0,2481.0,2222.0
상계3.4동,2024,6,27338.0,13578.0,13760.0,3042.0,1597.0,1445.0,3757.0,1998.0,1759.0,4702.0,2476.0,2226.0
상계3.4동,2024,7,27351.0,13579.0,13772.0,3024.0,1584.0,1440.0,3757.0,2004.0,1753.0,4695.0,2481.0,2214.0
상계3.4동,2024,8,27315.0,13559.0,13756.0,3008.0,1588.0,1420.0,3745.0,1998.0,1747.0,4663.0,2465.0,2198.0
상계3.4동,2024,9,27251.0,13527.0,13724.0,2985.0,1572.0,1413.0,3728.0,1986.0,1742.0,4653.0,2467.0,2186.0
상계3.4동,2024,10,27216.0,13510.0,13706.0,2968.0,1566.0,1402.0,3716.0,1983.0,1733.0,4639.0,2460.0,2179.0
상계3.4동,2024,11,27174.0,13500.0,13674.0,2964.0,1569.0,1395.0,3712.0,1983.0,1729.0,4623.0,2453.0,2170.0
상계3.4동,2024,12,27152.0,13490.0,13662.0,2955.0,1567.0,1388.0,3710.0,1980.0,1730.0,4604.0,2456.0,2148.0
상계3.4동,2025,1,27097.0,13456.0,13641.0,2945.0,1559.0,1386.0,3684.0,1972.0,1712.0,4581.0,2442.0,2139.0
상계3.4동,2025,2,27037.0,13432.0,13605.0,2919.0,1545.0,1374.0,3675.0,1972.0,1703.0,4538.0,2424.0,2114.0
상계3.4동,2025,3,27043.0,13456.0,13587.0,2923.0,1548.0,1375.0,3659.0,1970.0,1689.0,4536.0,2438.0,2098.0
상계3.4동,2025,4,26984.0,13417.0,13567.0,2909.0,1540.0,1369.0,3644.0,1956.0,1688.0,4539.0,2443.0,2096.0
상계3.4동,2025,5,26936.0,13392.0,13544.0,2889.0,1524.0,1365.0,3622.0,1947.0,1675.0,4502.0,2425.0,2077.0
상계3.4동,2025,6,26908.0,13383.0,13525.0,2876.0,1520.0,1356.0,3622.0,1945.0,1677.0,4499.0,2421.0,2078.0
상계3.4동,2025,7,26846.0,13354.0,13492.0,2848.0,1503.0,1345.0,3600.0,1930.0,1670.0,4480.0,2417.0,2063.0
상계3.4동,2025,8,26786.0,13313.0,13473.0,2831.0,1497.0,1334.0,3595.0,1924.0,1671.0,4456.0,2398.0,2058.0
상계3.4동,2025,9,26724.0,13280.0,13444.0,2814.0,1487.0,1327.0,3572.0,1913.0,1659.0,4439.0,2385.0,2054.0
상계3.4동,2025,10,26681.0,13262.0,13419.0,2781.0,1470.0,1311.0,3549.0,1898.0,1651.0,4444.0,2388.0,2056.0
상계3.4동,2025,11,26655.0,13235.0,13420.0,2757.0,1462.0,1295.0,3532.0,1884.0,1648.0,4431.0,2372.0,2059.0
상계3.4동,2025,12,26613.0,13218.0,13395.0,2740.0,1451.0,1289.0,3495.0,1862.0,1633.0,4415.0,2368.0,2047.0
상계5동,2023,1,23551.0,11410.0,12141.0,2269.0,1156.0,1113.0,3390.0,1749.0,1641.0,4794.0,2527.0,2267.0
상계5동,2023,2,23498.0,11378.0,12120.0,2258.0,1149.0,1109.0,3367.0,1735.0,1632.0,4766.0,2511.0,2255.0
상계5동,2023,3,23430.0,11347.0,12083.0,2232.0,1138.0,1094.0,3337.0,1716.0,1621.0,4743.0,2495.0,2248.0
상계5동,2023,4,23413.0,11341.0,12072.0,2215.0,1133.0,1082.0,3328.0,1710.0,1618.0,4742.0,2493.0,2249.0
상계5동,2023,5,23355.0,11326.0,12029.0,2204.0,1124.0,1080.0,3303.0,1698.0,1605.0,4715.0,2477.0,2238.0
상계5동,2023,6,23297.0,11302.0,11995.0,2199.0,1120.0,1079.0,3280.0,1680.0,1600.0,4683.0,2459.0,2224.0
상계5동,2023,7,23223.0,11262.0,11961.0,2178.0,1110.0,1068.0,3262.0,1666.0,1596.0,4642.0,2450.0,2192.0
상계5동,2023,8,23148.0,11223.0,11925.0,2156.0,1098.0,1058.0,3254.0,1661.0,1593.0,4605.0,2419.0,2186.0
상계5동,2023,9,23078.0,11187.0,11891.0,2147.0,1099.0,1048.0,3213.0,1636.0,1577.0,4575.0,2401.0,2174.0
상계5동,2023,10,23072.0,11190.0,11882.0,2134.0,1096.0,1038.0,3195.0,1643.0,1552.0,4554.0,2401.0,2153.0
상계5동,2023,11,23040.0,11182.0,11858.0,2131.0,1092.0,1039.0,3182.0,1634.0,1548.0,4537.0,2402.0,2135.0
상계5동,2023,12,23012.0,11167.0,11845.0,2117.0,1079.0,1038.0,3170.0,1636.0,1534.0,4535.0,2403.0,2132.0
상계5동,2024,1,22979.0,11143.0,11836.0,2114.0,1079.0,1035.0,3138.0,1608.0,1530.0,4529.0,2397.0,2132.0
상계5동,2024,2,22947.0,11123.0,11824.0,2096.0,1076.0,1020.0,3127.0,1610.0,1517.0,4503.0,2373.0,2130.0
상계5동,2024,3,22934.0,11117.0,11817.0,2084.0,1069.0,1015.0,3107.0,1604.0,1503.0,4507.0,2385.0,2122.0
상계5동,2024,4,22894.0,11112.0,11782.0,2069.0,1057.0,1012.0,3097.0,1596.0,1501.0,4488.0,2381.0,2107.0
상계5동,2024,5,22847.0,11091.0,11756.0,2041.0,1049.0,992.0,3051.0,1581.0,1470.0,4478.0,2380.0,2098.0
상계5동,2024,6,22786.0,11057.0,11729.0,2022.0,1044.0,978.0,3031.0,1564.0,1467.0,4479.0,2381.0,2098.0
상계5동,2024,7,22764.0,11064.0,11700.0,2012.0,1045.0,967.0,3020.0,1567.0,1453.0,4451.0,2380.0,2071.0
상계5동,2024,8,22721.0,11045.0,11676.0,2001.0,1043.0,958.0,3008.0,1564.0,1444.0,4437.0,2375.0,2062.0
상계5동,2024,9,22679.0,11022.0,11657.0,1979.0,1031.0,948.0,2973.0,1547.0,1426.0,4424.0,2372.0,2052.0
상계5동,2024,10,22630.0,11003.0,11627.0,1970.0,1029.0,941.0,2965.0,1534.0,1431.0,4411.0,2364.0,2047.0
상계5동,2024,11,22603.0,10994.0,11609.0,1963.0,1029.0,934.0,2954.0,1531.0,1423.0,4394.0,2362.0,2032.0
상계5동,2024,12,22578.0,10985.0,11593.0,1955.0,1027.0,928.0,2937.0,1523.0,1414.0,4382.0,2358.0,2024.0
상계5동,2025,1,22518.0,10966.0,11552.0,1921.0,1013.0,908.0,2893.0,1503.0,1390.0,4359.0,2351.0,2008.0
상계5동,2025,2,22471.0,10920.0,11551.0,1915.0,1003.0,912.0,2884.0,1489.0,1395.0,4350.0,2342.0,2008.0
상계5동,2025,3,22423.0,10880.0,11543.0,1904.0,994.0,910.0,2872.0,1481.0,1391.0,4336.0,2330.0,2006.0
상계5동,2025,4,22411.0,10868.0,11543.0,1885.0,986.0,899.0,2844.0,1464.0,1380.0,4326.0,2330.0,1996.0
상계5동,2025,5,22370.0,10863.0,11507.0,1873.0,982.0,891.0,2830.0,1464.0,1366.0,4308.0,2329.0,1979.0
상계5동,2025,6,22364.0,10864.0,11500.0,1861.0,975.0,886.0,2805.0,1447.0,1358.0,4288.0,2319.0,1969.0
상계5동,2025,7,22331.0,10848.0,11483.0,1869.0,976.0,893.0,2786.0,1435.0,1351.0,4254.0,2289.0,1965.0
상계5동,2025,8,22286.0,10824.0,11462.0,1839.0,960.0,879.0,2784.0,1431.0,1353.0,4238.0,2277.0,1961.0
상계5동,2025,9,22282.0,10811.0,11471.0,1825.0,954.0,871.0,2776.0,1425.0,1351.0,4227.0,2259.0,1968.0
상계5동,2025,10,22249.0,10788.0,11461.0,1822.0,947.0,875.0,2746.0,1408.0,1338.0,4204.0,2241.0,1963.0
상계5동,2025,11,22197.0,10761.0,11436.0,1808.0,941.0,867.0,2722.0,1388.0,1334.0,4195.0,2230.0,1965.0
상계5동,2025,12,22152.0,10746.0,11406.0,1807.0,941.0,866.0,2700.0,1374.0,1326.0,4188.0,2221.0,1967.0
상계6.7동,2023,1,31898.0,14737.0,17161.0,4191.0,2169.0,2022.0,4877.0,2436.0,2441.0,6881.0,3287.0,3594.0
상계6.7동,2023,2,31915.0,14745.0,17170.0,4169.0,2166.0,2003.0,4909.0,2449.0,2460.0,6913.0,3296.0,3617.0
상계6.7동,2023,3,31901.0,14725.0,17176.0,4155.0,2158.0,1997.0,4900.0,2435.0,2465.0,6951.0,3312.0,3639.0
상계6.7동,2023,4,31849.0,14706.0,17143.0,4139.0,2148.0,1991.0,4866.0,2419.0,2447.0,6954.0,3320.0,3634.0
상계6.7동,2023,5,31827.0,14690.0,17137.0,4120.0,2129.0,1991.0,4858.0,2417.0,2441.0,6927.0,3302.0,3625.0
상계6.7동,2023,6,31784.0,14669.0,17115.0,4108.0,2127.0,1981.0,4835.0,2412.0,2423.0,6914.0,3300.0,3614.0
상계6.7동,2023,7,31689.0,14611.0,17078.0,4058.0,2100.0,1958.0,4800.0,2404.0,2396.0,6912.0,3291.0,3621.0
상계6.7동,2023,8,31616.0,14577.0,17039.0,4022.0,2079.0,1943.0,4764.0,2395.0,2369.0,6904.0,3288.0,3616.0
상계6.7동,2023,9,31548.0,14538.0,17010.0,3999.0,2062.0,1937.0,4727.0,2367.0,2360.0,6865.0,3268.0,3597.0
상계6.7동,2023,10,31477.0,14503.0,16974.0,3979.0,2046.0,1933.0,4692.0,2342.0,2350.0,6859.0,3265.0,3594.0
상계6.7동,2023,11,31471.0,14506.0,16965.0,3959.0,2040.0,1919.0,4667.0,2329.0,2338.0,6835.0,3262.0,3573.0
상계6.7동,2023,12,31400.0,14468.0,16932.0,3934.0,2026.0,1908.0,4651.0,2321.0,2330.0,6822.0,3253.0,3569.0
상계6.7동,2024,1,31377.0,14468.0,16909.0,3896.0,2000.0,1896.0,4640.0,2318.0,2322.0,6845.0,3281.0,3564.0
상계6.7동,2024,2,31328.0,14430.0,16898.0,3876.0,1989.0,1887.0,4631.0,2313.0,2318.0,6826.0,3261.0,3565.0
상계6.7동,2024,3,31332.0,14439.0,16893.0,3862.0,1985.0,1877.0,4601.0,2296.0,2305.0,6829.0,3260.0,3569.0
상계6.7동,2024,4,31240.0,14388.0,16852.0,3834.0,1974.0,1860.0,4549.0,2274.0,2275.0,6793.0,3244.0,3549.0
상계6.7동,2024,5,31228.0,14381.0,16847.0,3816.0,1969.0,1847.0,4528.0,2271.0,2257.0,6811.0,3254.0,3557.0
상계6.7동,2024,6,31208.0,14377.0,16831.0,3800.0,1962.0,1838.0,4505.0,2258.0,2247.0,6808.0,3255.0,3553.0
상계6.7동,2024,7,31170.0,14342.0,16828.0,3768.0,1941.0,1827.0,4483.0,2238.0,2245.0,6806.0,3240.0,3566.0
상계6.7동,2024,8,31133.0,14339.0,16794.0,3750.0,1937.0,1813.0,4468.0,2226.0,2242.0,6762.0,3233.0,3529.0
상계6.7동,2024,9,31117.0,14331.0,16786.0,3737.0,1924.0,1813.0,4455.0,2211.0,2244.0,6761.0,3232.0,3529.0
상계6.7동,2024,10,31086.0,14306.0,16780.0,3709.0,1913.0,1796.0,4428.0,2202.0,2226.0,6750.0,3226.0,3524.0
상계6.7동,2024,11,31098.0,14306.0,16792.0,3700.0,1912.0,1788.0,4433.0,2209.0,2224.0,6741.0,3223.0,3518.0
상계6.7동,2024,12,31000.0,14278.0,16722.0,3672.0,1901.0,1771.0,4398.0,2205.0,2193.0,6703.0,3216.0,3487.0
상계6.7동,2025,1,30941.0,14236.0,16705.0,3656.0,1897.0,1759.0,4373.0,2201.0,2172.0,6680.0,3197.0,3483.0
상계6.7동,2025,2,30872.0,14200.0,16672.0,3611.0,1872.0,1739.0,4356.0,2200.0,2156.0,6668.0,3171.0,3497.0
상계6.7동,2025,3,30837.0,14176.0,16661.0,3573.0,1854.0,1719.0,4327.0,2183.0,2144.0,6672.0,3163.0,3509.0
상계6.7동,2025,4,30734.0,14120.0,16614.0,3562.0,1848.0,1714.0,4301.0,2171.0,2130.0,6638.0,3134.0,3504.0
상계6.7동,2025,5,30629.0,14062.0,16567.0,3556.0,1845.0,1711.0,4273.0,2148.0,2125.0,6605.0,3119.0,3486.0
상계6.7동,2025,6,30566.0,14032.0,16534.0,3526.0,1823.0,1703.0,4259.0,2135.0,2124.0,6624.0,3115.0,3509.0
상계6.7동,2025,7,30522.0,14016.0,16506.0,3517.0,1815.0,1702.0,4229.0,2122.0,2107.0,6587.0,3111.0,3476.0
상계6.7동,2025,8,30446.0,13979.0,16467.0,3483.0,1788.0,1695.0,4196.0,2105.0,2091.0,6586.0,3107.0,3479.0
상계6.7동,2025,9,30419.0,13970.0,16449.0,3469.0,1781.0,1688.0,4168.0,2086.0,2082.0,6585.0,3104.0,3481.0
상계6.7동,2025,10,30436.0,13971.0,16465.0,3472.0,1781.0,1691.0,4140.0,2072.0,2068.0,6565.0,3094.0,3471.0
상계6.7동,2025,11,30389.0,13955.0,16434.0,3461.0,1780.0,1681.0,4119.0,2067.0,2052.0,6555.0,3095.0,3460.0
상계6.7동,2025,12,30309.0,13902.0,16407.0,3435.0,1766.0,1669.0,4105.0,2053.0,2052.0,6537.0,3094.0,3443.0
상계8동,2023,1,22272.0,10614.0,11658.0,3568.0,1804.0,1764.0,3119.0,1590.0,1529.0,5073.0,2464.0,2609.0
상계8동,2023,2,22208.0,10588.0,11620.0,3532.0,1783.0,1749.0,3099.0,1576.0,1523.0,5047.0,2444.0,2603.0
상계8동,2023,3,22174.0,10572.0,11602.0,3509.0,1762.0,1747.0,3097.0,1575.0,1522.0,5052.0,2453.0,2599.0
상계8동,2023,4,22148.0,10571.0,11577.0,3476.0,1754.0,1722.0,3092.0,1581.0,1511.0,5075.0,2469.0,2606.0
상계8동,2023,5,22106.0,10555.0,11551.0,3456.0,1747.0,1709.0,3083.0,1580.0,1503.0,5077.0,2466.0,2611.0
상계8동,2023,6,22009.0,10510.0,11499.0,3399.0,1725.0,1674.0,3079.0,1581.0,1498.0,5078.0,2465.0,2613.0
상계8동,2023,7,21952.0,10480.0,11472.0,3353.0,1706.0,1647.0,3053.0,1569.0,1484.0,5093.0,2472.0,2621.0
상계8동,2023,8,21859.0,10445.0,11414.0,3317.0,1686.0,1631.0,3029.0,1554.0,1475.0,5081.0,2476.0,2605.0
상계8동,2023,9,21869.0,10449.0,11420.0,3295.0,1676.0,1619.0,3021.0,1551.0,1470.0,5092.0,2471.0,2621.0
상계8동,2023,10,21902.0,10441.0,11461.0,3296.0,1673.0,1623.0,3007.0,1542.0,1465.0,5093.0,2463.0,2630.0
상계8동,2023,11,21910.0,10428.0,11482.0,3278.0,1659.0,1619.0,2985.0,1532.0,1453.0,5132.0,2480.0,2652.0
상계8동,2023,12,21843.0,10383.0,11460.0,3273.0,1658.0,1615.0,2965.0,1531.0,1434.0,5112.0,2456.0,2656.0
상계8동,2024,1,21817.0,10382.0,11435.0,3264.0,1663.0,1601.0,2935.0,1513.0,1422.0,5104.0,2461.0,2643.0
상계8동,2024,2,21716.0,10317.0,11399.0,3234.0,1650.0,1584.0,2915.0,1502.0,1413.0,5048.0,2432.0,2616.0
상계8동,2024,3,21607.0,10285.0,11322.0,3185.0,1624.0,1561.0,2888.0,1483.0,1405.0,5048.0,2438.0,2610.0
상계8동,2024,4,21653.0,10304.0,11349.0,3192.0,1626.0,1566.0,2871.0,1468.0,1403.0,5070.0,2438.0,2632.0
상계8동,2024,5,21655.0,10290.0,11365.0,3194.0,1619.0,1575.0,2860.0,1458.0,1402.0,5067.0,2427.0,2640.0
상계8동,2024,6,21663.0,10293.0,11370.0,3212.0,1627.0,1585.0,2855.0,1454.0,1401.0,5054.0,2419.0,2635.0
상계8동,2024,7,21644.0,10281.0,11363.0,3202.0,1629.0,1573.0,2851.0,1455.0,1396.0,5065.0,2423.0,2642.0
상계8동,2024,8,21656.0,10287.0,11369.0,3198.0,1624.0,1574.0,2836.0,1452.0,1384.0,5068.0,2426.0,2642.0
상계8동,2024,9,21610.0,10268.0,11342.0,3196.0,1624.0,1572.0,2816.0,1445.0,1371.0,5044.0,2418.0,2626.0
상계8동,2024,10,21619.0,10264.0,11355.0,3191.0,1627.0,1564.0,2814.0,1449.0,1365.0,5054.0,2411.0,2643.0
상계8동,2024,11,21548.0,10241.0,11307.0,3174.0,1615.0,1559.0,2803.0,1443.0,1360.0,5024.0,2415.0,2609.0
상계8동,2024,12,21533.0,10228.0,11305.0,3167.0,1610.0,1557.0,2795.0,1436.0,1359.0,5020.0,2414.0,2606.0
상계8동,2025,1,21553.0,10228.0,11325.0,3161.0,1613.0,1548.0,2780.0,1421.0,1359.0,5030.0,2409.0,2621.0
상계8동,2025,2,21462.0,10160.0,11302.0,3122.0,1589.0,1533.0,2747.0,1403.0,1344.0,4967.0,2372.0,2595.0
상계8동,2025,3,21394.0,10116.0,11278.0,3091.0,1573.0,1518.0,2717.0,1386.0,1331.0,4903.0,2340.0,2563.0
상계8동,2025,4,21404.0,10109.0,11295.0,3087.0,1573.0,1514.0,2700.0,1374.0,1326.0,4908.0,2335.0,2573.0
상계8동,2025,5,21424.0,10125.0,11299.0,3089.0,1577.0,1512.0,2682.0,1361.0,1321.0,4927.0,2339.0,2588.0
상계8동,2025,6,21397.0,10109.0,11288.0,3084.0,1574.0,1510.0,2674.0,1358.0,1316.0,4886.0,2313.0,2573.0
상계8동,2025,7,21331.0,10086.0,11245.0,3063.0,1565.0,1498.0,2662.0,1348.0,1314.0,4868.0,2309.0,2559.0
상계8동,2025,8,21315.0,10064.0,11251.0,3057.0,1559.0,1498.0,2663.0,1347.0,1316.0,4865.0,2296.0,2569.0
상계8동,2025,9,21284.0,10049.0,11235.0,3064.0,1566.0,1498.0,2656.0,1344.0,1312.0,4828.0,2285.0,2543.0
상계8동,2025,10,21282.0,10057.0,11225.0,3058.0,1573.0,1485.0,2652.0,1346.0,1306.0,4832.0,2293.0,2539.0
상계8동,2025,11,21252.0,10051.0,11201.0,3042.0,1570.0,1472.0,2610.0,1326.0,1284.0,4835.0,2294.0,2541.0
상계8동,2025,12,21239.0,10040.0,11199.0,3042.0,1568.0,1474.0,2603.0,1323.0,1280.0,4845.0,2293.0,2552.0
상계9동,2023,1,19960.0,9343.0,10617.0,2508.0,1286.0,1222.0,3222.0,1674.0,1548.0,4081.0,2044.0,2037.0
상계9동,2023,2,19921.0,9320.0,10601.0,2497.0,1279.0,1218.0,3193.0,1655.0,1538.0,4044.0,2021.0,2023.0
상계9동,2023,3,19879.0,9303.0,10576.0,2485.0,1275.0,1210.0,3168.0,1642.0,1526.0,4032.0,2012.0,2020.0
상계9동,2023,4,19885.0,9306.0,10579.0,2479.0,1270.0,1209.0,3147.0,1635.0,1512.0,4049.0,2024.0,2025.0
상계9동,2023,5,19860.0,9301.0,10559.0,2478.0,1268.0,1210.0,3134.0,1628.0,1506.0,4042.0,2022.0,2020.0
상계9동,2023,6,19807.0,9283.0,10524.0,2447.0,1254.0,1193.0,3099.0,1610.0,1489.0,4035.0,2022.0,2013.0
상계9동,2023,7,19759.0,9263.0,10496.0,2429.0,1245.0,1184.0,3074.0,1595.0,1479.0,4013.0,2013.0,2000.0
상계9동,2023,8,19738.0,9243.0,10495.0,2407.0,1242.0,1165.0,3051.0,1584.0,1467.0,4000.0,2001.0,1999.0
상계9동,2023,9,19717.0,9227.0,10490.0,2398.0,1233.0,1165.0,3045.0,1583.0,1462.0,3989.0,1993.0,1996.0
상계9동,2023,10,19683.0,9217.0,10466.0,2386.0,1231.0,1155.0,3016.0,1565.0,1451.0,3973.0,1991.0,1982.0
상계9동,2023,11,19647.0,9204.0,10443.0,2377.0,1232.0,1145.0,2991.0,1555.0,1436.0,3953.0,1992.0,1961.0
상계9동,2023,12,19665.0,9214.0,10451.0,2362.0,1229.0,1133.0,3000.0,1559.0,1441.0,3963.0,1999.0,1964.0
상계9동,2024,1,19645.0,9202.0,10443.0,2348.0,1227.0,1121.0,2999.0,1560.0,1439.0,3943.0,1993.0,1950.0
상계9동,2024,2,19573.0,9174.0,10399.0,2331.0,1220.0,1111.0,2968.0,1548.0,1420.0,3892.0,1964.0,1928.0
상계9동,2024,3,19549.0,9166.0,10383.0,2316.0,1217.0,1099.0,2955.0,1538.0,1417.0,3912.0,1967.0,1945.0
상계9동,2024,4,19511.0,9142.0,10369.0,2306.0,1209.0,1097.0,2934.0,1531.0,1403.0,3911.0,1968.0,1943.0
상계9동,2024,5,19493.0,9123.0,10370.0,2289.0,1203.0,1086.0,2925.0,1527.0,1398.0,3892.0,1959.0,1933.0
상계9동,2024,6,19467.0,9115.0,10352.0,2278.0,1201.0,1077.0,2918.0,1521.0,1397.0,3886.0,1952.0,1934.0
상계9동,2024,7,19451.0,9098.0,10353.0,2261.0,1189.0,1072.0,2900.0,1510.0,1390.0,3881.0,1945.0,1936.0
상계9동,2024,8,19405.0,9072.0,10333.0,2263.0,1193.0,1070.0,2882.0,1502.0,1380.0,3869.0,1929.0,1940.0
상계9동,2024,9,19374.0,9060.0,10314.0,2240.0,1180.0,1060.0,2867.0,1495.0,1372.0,3868.0,1926.0,1942.0
상계9동,2024,10,19274.0,9022.0,10252.0,2232.0,1170.0,1062.0,2859.0,1495.0,1364.0,3833.0,1909.0,1924.0
상계9동,2024,11,19272.0,9010.0,10262.0,2215.0,1166.0,1049.0,2853.0,1487.0,1366.0,3832.0,1899.0,1933.0
상계9동,2024,12,19223.0,8964.0,10259.0,2194.0,1154.0,1040.0,2821.0,1465.0,1356.0,3814.0,1885.0,1929.0
상계9동,2025,1,19235.0,8968.0,10267.0,2190.0,1143.0,1047.0,2812.0,1454.0,1358.0,3826.0,1887.0,1939.0
상계9동,2025,2,19171.0,8933.0,10238.0,2167.0,1136.0,1031.0,2777.0,1434.0,1343.0,3809.0,1878.0,1931.0
상계9동,2025,3,19181.0,8948.0,10233.0,2152.0,1129.0,1023.0,2769.0,1431.0,1338.0,3812.0,1876.0,1936.0
상계9동,2025,4,19139.0,8927.0,10212.0,2139.0,1121.0,1018.0,2748.0,1422.0,1326.0,3780.0,1860.0,1920.0
상계9동,2025,5,19145.0,8942.0,10203.0,2140.0,1122.0,1018.0,2740.0,1418.0,1322.0,3809.0,1882.0,1927.0
상계9동,2025,6,19174.0,8955.0,10219.0,2136.0,1114.0,1022.0,2730.0,1412.0,1318.0,3825.0,1894.0,1931.0
상계9동,2025,7,19144.0,8937.0,10207.0,2135.0,1106.0,1029.0,2714.0,1403.0,1311.0,3808.0,1887.0,1921.0
상계9동,2025,8,19099.0,8920.0,10179.0,2127.0,1103.0,1024.0,2677.0,1383.0,1294.0,3782.0,1869.0,1913.0
상계9동,2025,9,19077.0,8902.0,10175.0,2123.0,1099.0,1024.0,2664.0,1372.0,1292.0,3754.0,1848.0,1906.0
상계9동,2025,10,19039.0,8880.0,10159.0,2107.0,1091.0,1016.0,2632.0,1357.0,1275.0,3747.0,1854.0,1893.0
상계9동,2025,11,19008.0,8851.0,10157.0,2097.0,1081.0,1016.0,2629.0,1354.0,1275.0,3728.0,1848.0,1880.0
상계9동,2025,12,18959.0,8829.0,10130.0,2087.0,1079.0,1008.0,2619.0,1354.0,1265.0,3710.0,1844.0,1866.0
상계10동,2023,1,18361.0,8471.0,9890.0,2388.0,1207.0,1181.0,2763.0,1403.0,1360.0,4034.0,1879.0,2155.0
상계10동,2023,2,18342.0,8443.0,9899.0,2379.0,1199.0,1180.0,2760.0,1389.0,1371.0,4040.0,1873.0,2167.0
상계10동,2023,3,18315.0,8419.0,9896.0,2378.0,1199.0,1179.0,2741.0,1378.0,1363.0,4042.0,1871.0,2171.0
상계10동,2023,4,18289.0,8423.0,9866.0,2370.0,1201.0,1169.0,2727.0,1369.0,1358.0,4033.0,1868.0,2165.0
상계10동,2023,5,18313.0,8442.0,9871.0,2371.0,1207.0,1164.0,2721.0,1366.0,1355.0,4042.0,1868.0,2174.0
상계10동,2023,6,18252.0,8416.0,9836.0,2356.0,1198.0,1158.0,2715.0,1363.0,1352.0,4035.0,1868.0,2167.0
상계10동,2023,7,18232.0,8402.0,9830.0,2361.0,1191.0,1170.0,2704.0,1343.0,1361.0,4009.0,1861.0,2148.0
상계10동,2023,8,18201.0,8387.0,9814.0,2347.0,1179.0,1168.0,2698.0,1339.0,1359.0,3993.0,1848.0,2145.0
상계10동,2023,9,18213.0,8390.0,9823.0,2354.0,1182.0,1172.0,2690.0,1339.0,1351.0,3989.0,1848.0,2141.0
상계10동,2023,10,18275.0,8411.0,9864.0,2366.0,1185.0,1181.0,2702.0,1342.0,1360.0,3991.0,1852.0,2139.0
상계10동,2023,11,18234.0,8376.0,9858.0,2356.0,1186.0,1170.0,2692.0,1344.0,1348.0,3991.0,1848.0,2143.0
상계10동,2023,12,18185.0,8357.0,9828.0,2339.0,1184.0,1155.0,2670.0,1326.0,1344.0,3963.0,1837.0,2126.0
상계10동,2024,1,18170.0,8349.0,9821.0,2343.0,1185.0,1158.0,2666.0,1322.0,1344.0,3934.0,1821.0,2113.0
상계10동,2024,2,18128.0,8330.0,9798.0,2323.0,1169.0,1154.0,2646.0,1304.0,1342.0,3899.0,1813.0,2086.0
상계10동,2024,3,18100.0,8304.0,9796.0,2319.0,1166.0,1153.0,2639.0,1297.0,1342.0,3877.0,1795.0,2082.0
상계10동,2024,4,18099.0,8309.0,9790.0,2315.0,1166.0,1149.0,2624.0,1293.0,1331.0,3876.0,1794.0,2082.0
상계10동,2024,5,18075.0,8301.0,9774.0,2306.0,1158.0,1148.0,2611.0,1280.0,1331.0,3867.0,1798.0,2069.0
상계10동,2024,6,18056.0,8296.0,9760.0,2292.0,1153.0,1139.0,2597.0,1279.0,1318.0,3852.0,1801.0,2051.0
상계10동,2024,7,18012.0,8287.0,9725.0,2282.0,1151.0,1131.0,2582.0,1275.0,1307.0,3828.0,1803.0,2025.0
상계10동,2024,8,17954.0,8265.0,9689.0,2253.0,1137.0,1116.0,2558.0,1264.0,1294.0,3829.0,1796.0,2033.0
상계10동,2024,9,17931.0,8246.0,9685.0,2244.0,1134.0,1110.0,2555.0,1268.0,1287.0,3808.0,1781.0,2027.0
상계10동,2024,10,17910.0,8235.0,9675.0,2245.0,1130.0,1115.0,2557.0,1266.0,1291.0,3790.0,1783.0,2007.0
상계10동,2024,11,17915.0,8235.0,9680.0,2239.0,1128.0,1111.0,2566.0,1267.0,1299.0,3795.0,1784.0,2011.0
상계10동,2024,12,17909.0,8225.0,9684.0,2248.0,1126.0,1122.0,2546.0,1256.0,1290.0,3798.0,1782.0,2016.0
상계10동,2025,1,17877.0,8200.0,9677.0,2223.0,1111.0,1112.0,2532.0,1247.0,1285.0,3780.0,1764.0,2016.0
상계10동,2025,2,17850.0,8203.0,9647.0,2225.0,1120.0,1105.0,2528.0,1244.0,1284.0,3749.0,1748.0,2001.0
상계10동,2025,3,17841.0,8209.0,9632.0,2218.0,1118.0,1100.0,2500.0,1232.0,1268.0,3743.0,1763.0,1980.0
상계10동,2025,4,17806.0,8197.0,9609.0,2202.0,1110.0,1092.0,2485.0,1226.0,1259.0,3751.0,1766.0,1985.0
상계10동,2025,5,17798.0,8189.0,9609.0,2194.0,1108.0,1086.0,2494.0,1226.0,1268.0,3761.0,1766.0,1995.0
상계10동,2025,6,17779.0,8175.0,9604.0,2192.0,1108.0,1084.0,2464.0,1211.0,1253.0,3769.0,1768.0,2001.0
상계10동,2025,7,17779.0,8164.0,9615.0,2191.0,1107.0,1084.0,2460.0,1211.0,1249.0,3766.0,1754.0,2012.0
상계10동,2025,8,17774.0,8165.0,9609.0,2189.0,1101.0,1088.0,2451.0,1197.0,1254.0,3758.0,1755.0,2003.0
상계10동,2025,9,17757.0,8168.0,9589.0,2190.0,1106.0,1084.0,2437.0,1191.0,1246.0,3756.0,1763.0,1993.0
상계10동,2025,10,17761.0,8170.0,9591.0,2179.0,1110.0,1069.0,2437.0,1196.0,1241.0,3740.0,1747.0,1993.0
상계10동,2025,11,17760.0,8160.0,9600.0,2176.0,1110.0,1066.0,2419.0,1188.0,1231.0,3743.0,1748.0,1995.0
상계10동,2025,12,17737.0,8158.0,9579.0,2169.0,1111.0,1058.0,2402.0,1177.0,1225.0,3741.0,1745.0,1996.0
